
> tutorgate@1.0.0 typecheck
> tsc --noEmit

next.config.ts(1,33): error TS2307: Cannot find module 'next' or its corresponding type declarations.
playwright.config.ts(1,30): error TS2307: Cannot find module '@playwright/test' or its corresponding type declarations.
src/app/(public)/apply/page.tsx(42,5): error TS7026: JSX element implicitly has type 'any' because no interface 'JSX.IntrinsicElements' exists.
src/app/(public)/apply/page.tsx(42,5): error TS2875: This JSX tag requires the module path 'react/jsx-runtime' to exist, but none could be found. Make sure you have types for the appropriate package installed.
src/app/(public)/apply/page.tsx(44,5): error TS7026: JSX element implicitly has type 'any' because no interface 'JSX.IntrinsicElements' exists.
src/app/(public)/forgot-password/page.tsx(1,18): error TS2307: Cannot find module 'next/link' or its corresponding type declarations.
src/app/(public)/forgot-password/page.tsx(2,37): error TS2307: Cannot find module 'lucide-react' or its corresponding type declarations.
src/app/(public)/forgot-password/page.tsx(7,5): error TS7026: JSX element implicitly has type 'any' because no interface 'JSX.IntrinsicElements' exists.
src/app/(public)/forgot-password/page.tsx(7,5): error TS2875: This JSX tag requires the module path 'react/jsx-runtime' to exist, but none could be found. Make sure you have types for the appropriate package installed.
src/app/(public)/forgot-password/page.tsx(13,7): error TS7026: JSX element implicitly has type 'any' because no interface 'JSX.IntrinsicElements' exists.
src/app/(public)/forgot-password/page.tsx(14,9): error TS7026: JSX element implicitly has type 'any' because no interface 'JSX.IntrinsicElements' exists.
src/app/(public)/forgot-password/page.tsx(16,9): error TS7026: JSX element implicitly has type 'any' because no interface 'JSX.IntrinsicElements' exists.
src/app/(public)/forgot-password/page.tsx(17,9): error TS7026: JSX element implicitly has type 'any' because no interface 'JSX.IntrinsicElements' exists.
src/app/(public)/forgot-password/page.tsx(17,27): error TS7026: JSX element implicitly has type 'any' because no interface 'JSX.IntrinsicElements' exists.
src/app/(public)/forgot-password/page.tsx(18,9): error TS7026: JSX element implicitly has type 'any' because no interface 'JSX.IntrinsicElements' exists.
src/app/(public)/forgot-password/page.tsx(21,9): error TS7026: JSX element implicitly has type 'any' because no interface 'JSX.IntrinsicElements' exists.
src/app/(public)/forgot-password/page.tsx(22,7): error TS7026: JSX element implicitly has type 'any' because no interface 'JSX.IntrinsicElements' exists.
src/app/(public)/forgot-password/page.tsx(24,5): error TS7026: JSX element implicitly has type 'any' because no interface 'JSX.IntrinsicElements' exists.
src/app/(public)/layout.tsx(5,13): error TS2503: Cannot find namespace 'React'.
src/app/(public)/layout.tsx(8,5): error TS7026: JSX element implicitly has type 'any' because no interface 'JSX.IntrinsicElements' exists.
src/app/(public)/layout.tsx(8,5): error TS2875: This JSX tag requires the module path 'react/jsx-runtime' to exist, but none could be found. Make sure you have types for the appropriate package installed.
src/app/(public)/layout.tsx(9,7): error TS7026: JSX element implicitly has type 'any' because no interface 'JSX.IntrinsicElements' exists.
src/app/(public)/layout.tsx(11,7): error TS7026: JSX element implicitly has type 'any' because no interface 'JSX.IntrinsicElements' exists.
src/app/(public)/layout.tsx(12,7): error TS7026: JSX element implicitly has type 'any' because no interface 'JSX.IntrinsicElements' exists.
src/app/(public)/layout.tsx(12,47): error TS7026: JSX element implicitly has type 'any' because no interface 'JSX.IntrinsicElements' exists.
src/app/(public)/layout.tsx(13,5): error TS7026: JSX element implicitly has type 'any' because no interface 'JSX.IntrinsicElements' exists.
src/app/(public)/login/page.tsx(1,18): error TS2307: Cannot find module 'next/link' or its corresponding type declarations.
src/app/(public)/login/page.tsx(3,37): error TS2307: Cannot find module 'lucide-react' or its corresponding type declarations.
src/app/(public)/login/page.tsx(7,5): error TS7026: JSX element implicitly has type 'any' because no interface 'JSX.IntrinsicElements' exists.
src/app/(public)/login/page.tsx(7,5): error TS2875: This JSX tag requires the module path 'react/jsx-runtime' to exist, but none could be found. Make sure you have types for the appropriate package installed.
src/app/(public)/login/page.tsx(8,7): error TS7026: JSX element implicitly has type 'any' because no interface 'JSX.IntrinsicElements' exists.
src/app/(public)/login/page.tsx(9,9): error TS7026: JSX element implicitly has type 'any' because no interface 'JSX.IntrinsicElements' exists.
src/app/(public)/login/page.tsx(11,9): error TS7026: JSX element implicitly has type 'any' because no interface 'JSX.IntrinsicElements' exists.
src/app/(public)/login/page.tsx(12,9): error TS7026: JSX element implicitly has type 'any' because no interface 'JSX.IntrinsicElements' exists.
src/app/(public)/login/page.tsx(12,49): error TS7026: JSX element implicitly has type 'any' because no interface 'JSX.IntrinsicElements' exists.
src/app/(public)/login/page.tsx(13,9): error TS7026: JSX element implicitly has type 'any' because no interface 'JSX.IntrinsicElements' exists.
src/app/(public)/login/page.tsx(13,30): error TS7026: JSX element implicitly has type 'any' because no interface 'JSX.IntrinsicElements' exists.
src/app/(public)/login/page.tsx(14,9): error TS7026: JSX element implicitly has type 'any' because no interface 'JSX.IntrinsicElements' exists.
src/app/(public)/login/page.tsx(14,43): error TS7026: JSX element implicitly has type 'any' because no interface 'JSX.IntrinsicElements' exists.
src/app/(public)/login/page.tsx(15,7): error TS7026: JSX element implicitly has type 'any' because no interface 'JSX.IntrinsicElements' exists.
src/app/(public)/login/page.tsx(17,7): error TS7026: JSX element implicitly has type 'any' because no interface 'JSX.IntrinsicElements' exists.
src/app/(public)/login/page.tsx(18,9): error TS7026: JSX element implicitly has type 'any' because no interface 'JSX.IntrinsicElements' exists.
src/app/(public)/login/page.tsx(18,32): error TS7026: JSX element implicitly has type 'any' because no interface 'JSX.IntrinsicElements' exists.
src/app/(public)/login/page.tsx(23,7): error TS7026: JSX element implicitly has type 'any' because no interface 'JSX.IntrinsicElements' exists.
src/app/(public)/login/page.tsx(24,5): error TS7026: JSX element implicitly has type 'any' because no interface 'JSX.IntrinsicElements' exists.
src/app/(public)/register/page.tsx(8,10): error TS2875: This JSX tag requires the module path 'react/jsx-runtime' to exist, but none could be found. Make sure you have types for the appropriate package installed.
src/app/(public)/reset-password/page.tsx(8,10): error TS2875: This JSX tag requires the module path 'react/jsx-runtime' to exist, but none could be found. Make sure you have types for the appropriate package installed.
src/app/admin/applications/page.tsx(3,9): error TS2875: This JSX tag requires the module path 'react/jsx-runtime' to exist, but none could be found. Make sure you have types for the appropriate package installed.
src/app/admin/layout.tsx(3,58): error TS2503: Cannot find namespace 'React'.
src/app/admin/layout.tsx(4,10): error TS2875: This JSX tag requires the module path 'react/jsx-runtime' to exist, but none could be found. Make sure you have types for the appropriate package installed.
src/app/admin/statistics/page.tsx(7,10): error TS2875: This JSX tag requires the module path 'react/jsx-runtime' to exist, but none could be found. Make sure you have types for the appropriate package installed.
src/app/admin/students/page.tsx(8,5): error TS2875: This JSX tag requires the module path 'react/jsx-runtime' to exist, but none could be found. Make sure you have types for the appropriate package installed.
src/app/admin/tutors/page.tsx(8,5): error TS2875: This JSX tag requires the module path 'react/jsx-runtime' to exist, but none could be found. Make sure you have types for the appropriate package installed.
src/app/api/telegram/webhook/route.ts(1,40): error TS2307: Cannot find module 'next/server' or its corresponding type declarations.
src/app/api/telegram/webhook/route.ts(2,17): error TS2307: Cannot find module 'zod' or its corresponding type declarations.
src/app/api/telegram/webhook/route.ts(16,6): error TS2591: Cannot find name 'process'. Do you need to install type definitions for node? Try `npm i --save-dev @types/node` and then add 'node' to the types field in your tsconfig.
src/app/api/telegram/webhook/route.ts(21,41): error TS2591: Cannot find name 'Buffer'. Do you need to install type definitions for node? Try `npm i --save-dev @types/node` and then add 'node' to the types field in your tsconfig.
src/app/error.tsx(5,5): error TS7026: JSX element implicitly has type 'any' because no interface 'JSX.IntrinsicElements' exists.
src/app/error.tsx(5,5): error TS2875: This JSX tag requires the module path 'react/jsx-runtime' to exist, but none could be found. Make sure you have types for the appropriate package installed.
src/app/error.tsx(6,7): error TS7026: JSX element implicitly has type 'any' because no interface 'JSX.IntrinsicElements' exists.
src/app/error.tsx(6,40): error TS7026: JSX element implicitly has type 'any' because no interface 'JSX.IntrinsicElements' exists.
src/app/error.tsx(7,7): error TS7026: JSX element implicitly has type 'any' because no interface 'JSX.IntrinsicElements' exists.
src/app/error.tsx(7,52): error TS7026: JSX element implicitly has type 'any' because no interface 'JSX.IntrinsicElements' exists.
src/app/error.tsx(11,5): error TS7026: JSX element implicitly has type 'any' because no interface 'JSX.IntrinsicElements' exists.
src/app/layout.tsx(1,31): error TS2307: Cannot find module 'next' or its corresponding type declarations.
src/app/layout.tsx(2,23): error TS2307: Cannot find module 'next/font/google' or its corresponding type declarations.
src/app/layout.tsx(3,8): error TS2882: Cannot find module or type declarations for side-effect import of './globals.css'.
src/app/layout.tsx(19,25): error TS2503: Cannot find namespace 'React'.
src/app/layout.tsx(21,5): error TS7026: JSX element implicitly has type 'any' because no interface 'JSX.IntrinsicElements' exists.
src/app/layout.tsx(21,5): error TS2875: This JSX tag requires the module path 'react/jsx-runtime' to exist, but none could be found. Make sure you have types for the appropriate package installed.
src/app/layout.tsx(22,7): error TS7026: JSX element implicitly has type 'any' because no interface 'JSX.IntrinsicElements' exists.
src/app/layout.tsx(22,61): error TS7026: JSX element implicitly has type 'any' because no interface 'JSX.IntrinsicElements' exists.
src/app/layout.tsx(23,5): error TS7026: JSX element implicitly has type 'any' because no interface 'JSX.IntrinsicElements' exists.
src/app/not-found.tsx(1,18): error TS2307: Cannot find module 'next/link' or its corresponding type declarations.
src/app/not-found.tsx(4,5): error TS7026: JSX element implicitly has type 'any' because no interface 'JSX.IntrinsicElements' exists.
src/app/not-found.tsx(4,5): error TS2875: This JSX tag requires the module path 'react/jsx-runtime' to exist, but none could be found. Make sure you have types for the appropriate package installed.
src/app/not-found.tsx(5,7): error TS7026: JSX element implicitly has type 'any' because no interface 'JSX.IntrinsicElements' exists.
src/app/not-found.tsx(5,36): error TS7026: JSX element implicitly has type 'any' because no interface 'JSX.IntrinsicElements' exists.
src/app/not-found.tsx(6,7): error TS7026: JSX element implicitly has type 'any' because no interface 'JSX.IntrinsicElements' exists.
src/app/not-found.tsx(6,30): error TS7026: JSX element implicitly has type 'any' because no interface 'JSX.IntrinsicElements' exists.
src/app/not-found.tsx(7,7): error TS7026: JSX element implicitly has type 'any' because no interface 'JSX.IntrinsicElements' exists.
src/app/not-found.tsx(7,49): error TS7026: JSX element implicitly has type 'any' because no interface 'JSX.IntrinsicElements' exists.
src/app/not-found.tsx(11,5): error TS7026: JSX element implicitly has type 'any' because no interface 'JSX.IntrinsicElements' exists.
src/app/page.tsx(1,26): error TS2307: Cannot find module 'next/navigation' or its corresponding type declarations.
src/app/student/layout.tsx(3,58): error TS2503: Cannot find namespace 'React'.
src/app/student/layout.tsx(4,10): error TS2875: This JSX tag requires the module path 'react/jsx-runtime' to exist, but none could be found. Make sure you have types for the appropriate package installed.
src/app/student/tutors/page.tsx(8,5): error TS2875: This JSX tag requires the module path 'react/jsx-runtime' to exist, but none could be found. Make sure you have types for the appropriate package installed.
src/app/tutor/chats/page.tsx(5,17): error TS2307: Cannot find module 'zod' or its corresponding type declarations.
src/app/tutor/chats/page.tsx(6,289): error TS2875: This JSX tag requires the module path 'react/jsx-runtime' to exist, but none could be found. Make sure you have types for the appropriate package installed.
src/app/tutor/layout.tsx(3,58): error TS2503: Cannot find namespace 'React'.
src/app/tutor/layout.tsx(4,10): error TS2875: This JSX tag requires the module path 'react/jsx-runtime' to exist, but none could be found. Make sure you have types for the appropriate package installed.
src/app/tutor/statistics/page.tsx(7,10): error TS2875: This JSX tag requires the module path 'react/jsx-runtime' to exist, but none could be found. Make sure you have types for the appropriate package installed.
src/app/tutor/students/page.tsx(8,5): error TS2875: This JSX tag requires the module path 'react/jsx-runtime' to exist, but none could be found. Make sure you have types for the appropriate package installed.
src/components/chats/chat-view.tsx(2,62): error TS2307: Cannot find module 'react' or its corresponding type declarations.
src/components/chats/chat-view.tsx(3,31): error TS2307: Cannot find module 'next/navigation' or its corresponding type declarations.
src/components/chats/chat-view.tsx(4,34): error TS2307: Cannot find module 'lucide-react' or its corresponding type declarations.
src/components/chats/chat-view.tsx(23,44): error TS7006: Parameter 'c' implicitly has an 'any' type.
src/components/chats/chat-view.tsx(27,334): error TS7006: Parameter 's' implicitly has an 'any' type.
src/components/chats/chat-view.tsx(27,378): error TS7006: Parameter 'c' implicitly has an 'any' type.
src/components/chats/chat-view.tsx(31,326): error TS7006: Parameter 'all' implicitly has an 'any' type.
src/components/chats/chat-view.tsx(32,9): error TS2875: This JSX tag requires the module path 'react/jsx-runtime' to exist, but none could be found. Make sure you have types for the appropriate package installed.
src/components/chats/chat-view.tsx(33,10): error TS7026: JSX element implicitly has type 'any' because no interface 'JSX.IntrinsicElements' exists.
src/components/chats/chat-view.tsx(33,161): error TS7026: JSX element implicitly has type 'any' because no interface 'JSX.IntrinsicElements' exists.
src/components/chats/chat-view.tsx(34,2): error TS7026: JSX element implicitly has type 'any' because no interface 'JSX.IntrinsicElements' exists.
src/components/chats/chat-view.tsx(35,2): error TS7026: JSX element implicitly has type 'any' because no interface 'JSX.IntrinsicElements' exists.
src/components/chats/chat-view.tsx(35,57): error TS7026: JSX element implicitly has type 'any' because no interface 'JSX.IntrinsicElements' exists.
src/components/chats/chat-view.tsx(35,105): error TS7026: JSX element implicitly has type 'any' because no interface 'JSX.IntrinsicElements' exists.
src/components/chats/chat-view.tsx(35,160): error TS7026: JSX element implicitly has type 'any' because no interface 'JSX.IntrinsicElements' exists.
src/components/chats/chat-view.tsx(35,167): error TS7026: JSX element implicitly has type 'any' because no interface 'JSX.IntrinsicElements' exists.
src/components/chats/chat-view.tsx(36,35): error TS7026: JSX element implicitly has type 'any' because no interface 'JSX.IntrinsicElements' exists.
src/components/chats/chat-view.tsx(36,91): error TS7026: JSX element implicitly has type 'any' because no interface 'JSX.IntrinsicElements' exists.
src/components/chats/chat-view.tsx(37,2): error TS7026: JSX element implicitly has type 'any' because no interface 'JSX.IntrinsicElements' exists.
src/components/chats/chat-view.tsx(37,61): error TS7006: Parameter 'c' implicitly has an 'any' type.
src/components/chats/chat-view.tsx(37,64): error TS7026: JSX element implicitly has type 'any' because no interface 'JSX.IntrinsicElements' exists.
src/components/chats/chat-view.tsx(37,390): error TS7026: JSX element implicitly has type 'any' because no interface 'JSX.IntrinsicElements' exists.
src/components/chats/chat-view.tsx(37,425): error TS7026: JSX element implicitly has type 'any' because no interface 'JSX.IntrinsicElements' exists.
src/components/chats/chat-view.tsx(37,448): error TS7026: JSX element implicitly has type 'any' because no interface 'JSX.IntrinsicElements' exists.
src/components/chats/chat-view.tsx(37,470): error TS7026: JSX element implicitly has type 'any' because no interface 'JSX.IntrinsicElements' exists.
src/components/chats/chat-view.tsx(37,551): error TS7026: JSX element implicitly has type 'any' because no interface 'JSX.IntrinsicElements' exists.
src/components/chats/chat-view.tsx(37,559): error TS7026: JSX element implicitly has type 'any' because no interface 'JSX.IntrinsicElements' exists.
src/components/chats/chat-view.tsx(37,566): error TS7026: JSX element implicitly has type 'any' because no interface 'JSX.IntrinsicElements' exists.
src/components/chats/chat-view.tsx(37,633): error TS7026: JSX element implicitly has type 'any' because no interface 'JSX.IntrinsicElements' exists.
src/components/chats/chat-view.tsx(37,651): error TS7026: JSX element implicitly has type 'any' because no interface 'JSX.IntrinsicElements' exists.
src/components/chats/chat-view.tsx(37,837): error TS7026: JSX element implicitly has type 'any' because no interface 'JSX.IntrinsicElements' exists.
src/components/chats/chat-view.tsx(37,845): error TS7026: JSX element implicitly has type 'any' because no interface 'JSX.IntrinsicElements' exists.
src/components/chats/chat-view.tsx(37,856): error TS7026: JSX element implicitly has type 'any' because no interface 'JSX.IntrinsicElements' exists.
src/components/chats/chat-view.tsx(37,862): error TS7026: JSX element implicitly has type 'any' because no interface 'JSX.IntrinsicElements' exists.
src/components/chats/chat-view.tsx(38,2): error TS7026: JSX element implicitly has type 'any' because no interface 'JSX.IntrinsicElements' exists.
src/components/chats/chat-view.tsx(38,47): error TS7026: JSX element implicitly has type 'any' because no interface 'JSX.IntrinsicElements' exists.
src/components/chats/chat-view.tsx(38,129): error TS7026: JSX element implicitly has type 'any' because no interface 'JSX.IntrinsicElements' exists.
src/components/chats/chat-view.tsx(38,189): error TS7026: JSX element implicitly has type 'any' because no interface 'JSX.IntrinsicElements' exists.
src/components/chats/chat-view.tsx(38,194): error TS7026: JSX element implicitly has type 'any' because no interface 'JSX.IntrinsicElements' exists.
src/components/chats/chat-view.tsx(38,306): error TS7026: JSX element implicitly has type 'any' because no interface 'JSX.IntrinsicElements' exists.
src/components/chats/chat-view.tsx(38,310): error TS7026: JSX element implicitly has type 'any' because no interface 'JSX.IntrinsicElements' exists.
src/components/chats/chat-view.tsx(39,2): error TS7026: JSX element implicitly has type 'any' because no interface 'JSX.IntrinsicElements' exists.
src/components/chats/chat-view.tsx(39,35): error TS7026: JSX element implicitly has type 'any' because no interface 'JSX.IntrinsicElements' exists.
src/components/chats/chat-view.tsx(39,60): error TS7026: JSX element implicitly has type 'any' because no interface 'JSX.IntrinsicElements' exists.
src/components/chats/chat-view.tsx(39,65): error TS7026: JSX element implicitly has type 'any' because no interface 'JSX.IntrinsicElements' exists.
src/components/chats/chat-view.tsx(39,128): error TS7026: JSX element implicitly has type 'any' because no interface 'JSX.IntrinsicElements' exists.
src/components/chats/chat-view.tsx(39,132): error TS7026: JSX element implicitly has type 'any' because no interface 'JSX.IntrinsicElements' exists.
src/components/chats/chat-view.tsx(40,43): error TS7026: JSX element implicitly has type 'any' because no interface 'JSX.IntrinsicElements' exists.
src/components/chats/chat-view.tsx(40,118): error TS7026: JSX element implicitly has type 'any' because no interface 'JSX.IntrinsicElements' exists.
src/components/chats/chat-view.tsx(41,2): error TS7026: JSX element implicitly has type 'any' because no interface 'JSX.IntrinsicElements' exists.
src/components/chats/chat-view.tsx(42,24): error TS7026: JSX element implicitly has type 'any' because no interface 'JSX.IntrinsicElements' exists.
src/components/chats/chat-view.tsx(42,83): error TS7026: JSX element implicitly has type 'any' because no interface 'JSX.IntrinsicElements' exists.
src/components/chats/chat-view.tsx(43,21): error TS7026: JSX element implicitly has type 'any' because no interface 'JSX.IntrinsicElements' exists.
src/components/chats/chat-view.tsx(43,91): error TS7026: JSX element implicitly has type 'any' because no interface 'JSX.IntrinsicElements' exists.
src/components/chats/chat-view.tsx(44,17): error TS7006: Parameter 'm' implicitly has an 'any' type.
src/components/chats/chat-view.tsx(44,19): error TS7006: Parameter 'i' implicitly has an 'any' type.
src/components/chats/chat-view.tsx(44,105): error TS7026: JSX element implicitly has type 'any' because no interface 'JSX.IntrinsicElements' exists.
src/components/chats/chat-view.tsx(44,161): error TS7026: JSX element implicitly has type 'any' because no interface 'JSX.IntrinsicElements' exists.
src/components/chats/chat-view.tsx(45,2): error TS7026: JSX element implicitly has type 'any' because no interface 'JSX.IntrinsicElements' exists.
src/components/chats/chat-view.tsx(45,162): error TS7026: JSX element implicitly has type 'any' because no interface 'JSX.IntrinsicElements' exists.
src/components/chats/chat-view.tsx(45,173): error TS7026: JSX element implicitly has type 'any' because no interface 'JSX.IntrinsicElements' exists.
src/components/chats/chat-view.tsx(45,177): error TS7026: JSX element implicitly has type 'any' because no interface 'JSX.IntrinsicElements' exists.
src/components/chats/chat-view.tsx(45,185): error TS7026: JSX element implicitly has type 'any' because no interface 'JSX.IntrinsicElements' exists.
src/components/chats/chat-view.tsx(45,230): error TS7026: JSX element implicitly has type 'any' because no interface 'JSX.IntrinsicElements' exists.
src/components/chats/chat-view.tsx(45,237): error TS7026: JSX element implicitly has type 'any' because no interface 'JSX.IntrinsicElements' exists.
src/components/chats/chat-view.tsx(45,377): error TS7026: JSX element implicitly has type 'any' because no interface 'JSX.IntrinsicElements' exists.
src/components/chats/chat-view.tsx(45,384): error TS7026: JSX element implicitly has type 'any' because no interface 'JSX.IntrinsicElements' exists.
src/components/chats/chat-view.tsx(46,58): error TS7026: JSX element implicitly has type 'any' because no interface 'JSX.IntrinsicElements' exists.
src/components/chats/chat-view.tsx(46,121): error TS7026: JSX element implicitly has type 'any' because no interface 'JSX.IntrinsicElements' exists.
src/components/chats/chat-view.tsx(46,186): error TS7026: JSX element implicitly has type 'any' because no interface 'JSX.IntrinsicElements' exists.
src/components/chats/chat-view.tsx(46,261): error TS7026: JSX element implicitly has type 'any' because no interface 'JSX.IntrinsicElements' exists.
src/components/chats/chat-view.tsx(46,269): error TS7026: JSX element implicitly has type 'any' because no interface 'JSX.IntrinsicElements' exists.
src/components/chats/chat-view.tsx(47,6): error TS7026: JSX element implicitly has type 'any' because no interface 'JSX.IntrinsicElements' exists.
src/components/chats/chat-view.tsx(47,25): error TS7026: JSX element implicitly has type 'any' because no interface 'JSX.IntrinsicElements' exists.
src/components/chats/chat-view.tsx(48,2): error TS7026: JSX element implicitly has type 'any' because no interface 'JSX.IntrinsicElements' exists.
src/components/chats/chat-view.tsx(48,44): error TS7006: Parameter 'event' implicitly has an 'any' type.
src/components/chats/chat-view.tsx(49,27): error TS7026: JSX element implicitly has type 'any' because no interface 'JSX.IntrinsicElements' exists.
src/components/chats/chat-view.tsx(49,89): error TS7026: JSX element implicitly has type 'any' because no interface 'JSX.IntrinsicElements' exists.
src/components/chats/chat-view.tsx(50,2): error TS7026: JSX element implicitly has type 'any' because no interface 'JSX.IntrinsicElements' exists.
src/components/chats/chat-view.tsx(50,49): error TS7026: JSX element implicitly has type 'any' because no interface 'JSX.IntrinsicElements' exists.
src/components/chats/chat-view.tsx(50,57): error TS7026: JSX element implicitly has type 'any' because no interface 'JSX.IntrinsicElements' exists.
src/components/chats/chat-view.tsx(50,226): error TS7006: Parameter 'event' implicitly has an 'any' type.
src/components/chats/chat-view.tsx(50,303): error TS7006: Parameter 'all' implicitly has an 'any' type.
src/components/chats/chat-view.tsx(50,352): error TS7006: Parameter 'event' implicitly has an 'any' type.
src/components/chats/chat-view.tsx(51,2): error TS7026: JSX element implicitly has type 'any' because no interface 'JSX.IntrinsicElements' exists.
src/components/chats/chat-view.tsx(51,40): error TS7026: JSX element implicitly has type 'any' because no interface 'JSX.IntrinsicElements' exists.
src/components/chats/chat-view.tsx(51,102): error TS7026: JSX element implicitly has type 'any' because no interface 'JSX.IntrinsicElements' exists.
src/components/chats/chat-view.tsx(51,181): error TS7026: JSX element implicitly has type 'any' because no interface 'JSX.IntrinsicElements' exists.
src/components/chats/chat-view.tsx(51,188): error TS7026: JSX element implicitly has type 'any' because no interface 'JSX.IntrinsicElements' exists.
src/components/chats/chat-view.tsx(51,355): error TS7026: JSX element implicitly has type 'any' because no interface 'JSX.IntrinsicElements' exists.
src/components/chats/chat-view.tsx(52,2): error TS7026: JSX element implicitly has type 'any' because no interface 'JSX.IntrinsicElements' exists.
src/components/chats/chat-view.tsx(52,13): error TS7026: JSX element implicitly has type 'any' because no interface 'JSX.IntrinsicElements' exists.
src/components/chats/chat-view.tsx(52,19): error TS7026: JSX element implicitly has type 'any' because no interface 'JSX.IntrinsicElements' exists.
src/components/forms/admin-forms.tsx(5,42): error TS2307: Cannot find module 'react' or its corresponding type declarations.
src/components/forms/admin-forms.tsx(7,56): error TS2307: Cannot find module 'lucide-react' or its corresponding type declarations.
src/components/forms/admin-forms.tsx(35,5): error TS2875: This JSX tag requires the module path 'react/jsx-runtime' to exist, but none could be found. Make sure you have types for the appropriate package installed.
src/components/forms/admin-forms.tsx(40,13): error TS7026: JSX element implicitly has type 'any' because no interface 'JSX.IntrinsicElements' exists.
src/components/forms/admin-forms.tsx(42,13): error TS7026: JSX element implicitly has type 'any' because no interface 'JSX.IntrinsicElements' exists.
src/components/forms/admin-forms.tsx(72,11): error TS7026: JSX element implicitly has type 'any' because no interface 'JSX.IntrinsicElements' exists.
src/components/forms/admin-forms.tsx(73,11): error TS7026: JSX element implicitly has type 'any' because no interface 'JSX.IntrinsicElements' exists.
src/components/forms/admin-forms.tsx(74,11): error TS7026: JSX element implicitly has type 'any' because no interface 'JSX.IntrinsicElements' exists.
src/components/forms/admin-forms.tsx(78,17): error TS7026: JSX element implicitly has type 'any' because no interface 'JSX.IntrinsicElements' exists.
src/components/forms/admin-forms.tsx(82,19): error TS7026: JSX element implicitly has type 'any' because no interface 'JSX.IntrinsicElements' exists.
src/components/forms/admin-forms.tsx(89,17): error TS7026: JSX element implicitly has type 'any' because no interface 'JSX.IntrinsicElements' exists.
src/components/forms/admin-forms.tsx(91,11): error TS7026: JSX element implicitly has type 'any' because no interface 'JSX.IntrinsicElements' exists.
src/components/forms/admin-forms.tsx(92,11): error TS7026: JSX element implicitly has type 'any' because no interface 'JSX.IntrinsicElements' exists.
src/components/forms/admin-forms.tsx(95,11): error TS7026: JSX element implicitly has type 'any' because no interface 'JSX.IntrinsicElements' exists.
src/components/forms/admin-forms.tsx(139,9): error TS7026: JSX element implicitly has type 'any' because no interface 'JSX.IntrinsicElements' exists.
src/components/forms/admin-forms.tsx(141,13): error TS7026: JSX element implicitly has type 'any' because no interface 'JSX.IntrinsicElements' exists.
src/components/forms/admin-forms.tsx(142,15): error TS7026: JSX element implicitly has type 'any' because no interface 'JSX.IntrinsicElements' exists.
src/components/forms/admin-forms.tsx(143,17): error TS7026: JSX element implicitly has type 'any' because no interface 'JSX.IntrinsicElements' exists.
src/components/forms/admin-forms.tsx(145,17): error TS7026: JSX element implicitly has type 'any' because no interface 'JSX.IntrinsicElements' exists.
src/components/forms/admin-forms.tsx(146,17): error TS7026: JSX element implicitly has type 'any' because no interface 'JSX.IntrinsicElements' exists.
src/components/forms/admin-forms.tsx(148,17): error TS7026: JSX element implicitly has type 'any' because no interface 'JSX.IntrinsicElements' exists.
src/components/forms/admin-forms.tsx(149,15): error TS7026: JSX element implicitly has type 'any' because no interface 'JSX.IntrinsicElements' exists.
src/components/forms/admin-forms.tsx(151,13): error TS7026: JSX element implicitly has type 'any' because no interface 'JSX.IntrinsicElements' exists.
src/components/forms/admin-forms.tsx(153,9): error TS7026: JSX element implicitly has type 'any' because no interface 'JSX.IntrinsicElements' exists.
src/components/forms/admin-forms.tsx(155,11): error TS7026: JSX element implicitly has type 'any' because no interface 'JSX.IntrinsicElements' exists.
src/components/forms/admin-forms.tsx(156,11): error TS7026: JSX element implicitly has type 'any' because no interface 'JSX.IntrinsicElements' exists.
src/components/forms/admin-forms.tsx(165,15): error TS7026: JSX element implicitly has type 'any' because no interface 'JSX.IntrinsicElements' exists.
src/components/forms/admin-forms.tsx(167,15): error TS7026: JSX element implicitly has type 'any' because no interface 'JSX.IntrinsicElements' exists.
src/components/forms/admin-forms.tsx(171,19): error TS7026: JSX element implicitly has type 'any' because no interface 'JSX.IntrinsicElements' exists.
src/components/forms/admin-forms.tsx(173,19): error TS7026: JSX element implicitly has type 'any' because no interface 'JSX.IntrinsicElements' exists.
src/components/forms/admin-forms.tsx(186,15): error TS7026: JSX element implicitly has type 'any' because no interface 'JSX.IntrinsicElements' exists.
src/components/forms/admin-forms.tsx(190,15): error TS7026: JSX element implicitly has type 'any' because no interface 'JSX.IntrinsicElements' exists.
src/components/forms/admin-forms.tsx(192,17): error TS7026: JSX element implicitly has type 'any' because no interface 'JSX.IntrinsicElements' exists.
src/components/forms/admin-forms.tsx(194,17): error TS7026: JSX element implicitly has type 'any' because no interface 'JSX.IntrinsicElements' exists.
src/components/forms/admin-forms.tsx(198,11): error TS7026: JSX element implicitly has type 'any' because no interface 'JSX.IntrinsicElements' exists.
src/components/forms/admin-forms.tsx(200,11): error TS7026: JSX element implicitly has type 'any' because no interface 'JSX.IntrinsicElements' exists.
src/components/forms/admin-forms.tsx(206,28): error TS7026: JSX element implicitly has type 'any' because no interface 'JSX.IntrinsicElements' exists.
src/components/forms/admin-forms.tsx(206,104): error TS7026: JSX element implicitly has type 'any' because no interface 'JSX.IntrinsicElements' exists.
src/components/forms/admin-forms.tsx(218,7): error TS7026: JSX element implicitly has type 'any' because no interface 'JSX.IntrinsicElements' exists.
src/components/forms/admin-forms.tsx(219,7): error TS7026: JSX element implicitly has type 'any' because no interface 'JSX.IntrinsicElements' exists.
src/components/forms/admin-forms.tsx(245,7): error TS7026: JSX element implicitly has type 'any' because no interface 'JSX.IntrinsicElements' exists.
src/components/forms/admin-forms.tsx(251,9): error TS7026: JSX element implicitly has type 'any' because no interface 'JSX.IntrinsicElements' exists.
src/components/forms/admin-forms.tsx(252,11): error TS7026: JSX element implicitly has type 'any' because no interface 'JSX.IntrinsicElements' exists.
src/components/forms/admin-forms.tsx(259,56): error TS7006: Parameter 'e' implicitly has an 'any' type.
src/components/forms/admin-forms.tsx(261,11): error TS7026: JSX element implicitly has type 'any' because no interface 'JSX.IntrinsicElements' exists.
src/components/forms/admin-forms.tsx(261,24): error TS7026: JSX element implicitly has type 'any' because no interface 'JSX.IntrinsicElements' exists.
src/components/forms/admin-forms.tsx(262,9): error TS7026: JSX element implicitly has type 'any' because no interface 'JSX.IntrinsicElements' exists.
src/components/forms/admin-forms.tsx(278,7): error TS7026: JSX element implicitly has type 'any' because no interface 'JSX.IntrinsicElements' exists.
src/components/forms/admin-forms.tsx(280,9): error TS7026: JSX element implicitly has type 'any' because no interface 'JSX.IntrinsicElements' exists.
src/components/forms/admin-forms.tsx(281,11): error TS7026: JSX element implicitly has type 'any' because no interface 'JSX.IntrinsicElements' exists.
src/components/forms/admin-forms.tsx(292,9): error TS7026: JSX element implicitly has type 'any' because no interface 'JSX.IntrinsicElements' exists.
src/components/forms/admin-forms.tsx(320,11): error TS7026: JSX element implicitly has type 'any' because no interface 'JSX.IntrinsicElements' exists.
src/components/forms/admin-forms.tsx(321,11): error TS7026: JSX element implicitly has type 'any' because no interface 'JSX.IntrinsicElements' exists.
src/components/forms/application-form.tsx(3,18): error TS2307: Cannot find module 'next/link' or its corresponding type declarations.
src/components/forms/application-form.tsx(6,42): error TS2307: Cannot find module 'react' or its corresponding type declarations.
src/components/forms/application-form.tsx(13,8): error TS2307: Cannot find module 'lucide-react' or its corresponding type declarations.
src/components/forms/application-form.tsx(34,7): error TS7026: JSX element implicitly has type 'any' because no interface 'JSX.IntrinsicElements' exists.
src/components/forms/application-form.tsx(34,7): error TS2875: This JSX tag requires the module path 'react/jsx-runtime' to exist, but none could be found. Make sure you have types for the appropriate package installed.
src/components/forms/application-form.tsx(35,9): error TS7026: JSX element implicitly has type 'any' because no interface 'JSX.IntrinsicElements' exists.
src/components/forms/application-form.tsx(37,9): error TS7026: JSX element implicitly has type 'any' because no interface 'JSX.IntrinsicElements' exists.
src/components/forms/application-form.tsx(38,9): error TS7026: JSX element implicitly has type 'any' because no interface 'JSX.IntrinsicElements' exists.
src/components/forms/application-form.tsx(38,47): error TS7026: JSX element implicitly has type 'any' because no interface 'JSX.IntrinsicElements' exists.
src/components/forms/application-form.tsx(39,9): error TS7026: JSX element implicitly has type 'any' because no interface 'JSX.IntrinsicElements' exists.
src/components/forms/application-form.tsx(39,33): error TS7026: JSX element implicitly has type 'any' because no interface 'JSX.IntrinsicElements' exists.
src/components/forms/application-form.tsx(40,9): error TS7026: JSX element implicitly has type 'any' because no interface 'JSX.IntrinsicElements' exists.
src/components/forms/application-form.tsx(40,27): error TS7026: JSX element implicitly has type 'any' because no interface 'JSX.IntrinsicElements' exists.
src/components/forms/application-form.tsx(42,11): error TS7026: JSX element implicitly has type 'any' because no interface 'JSX.IntrinsicElements' exists.
src/components/forms/application-form.tsx(45,11): error TS7026: JSX element implicitly has type 'any' because no interface 'JSX.IntrinsicElements' exists.
src/components/forms/application-form.tsx(47,9): error TS7026: JSX element implicitly has type 'any' because no interface 'JSX.IntrinsicElements' exists.
src/components/forms/application-form.tsx(49,9): error TS7026: JSX element implicitly has type 'any' because no interface 'JSX.IntrinsicElements' exists.
src/components/forms/application-form.tsx(50,7): error TS7026: JSX element implicitly has type 'any' because no interface 'JSX.IntrinsicElements' exists.
src/components/forms/application-form.tsx(54,7): error TS7026: JSX element implicitly has type 'any' because no interface 'JSX.IntrinsicElements' exists.
src/components/forms/application-form.tsx(54,37): error TS7026: JSX element implicitly has type 'any' because no interface 'JSX.IntrinsicElements' exists.
src/components/forms/application-form.tsx(54,80): error TS7026: JSX element implicitly has type 'any' because no interface 'JSX.IntrinsicElements' exists.
src/components/forms/application-form.tsx(54,87): error TS7026: JSX element implicitly has type 'any' because no interface 'JSX.IntrinsicElements' exists.
src/components/forms/application-form.tsx(54,109): error TS7026: JSX element implicitly has type 'any' because no interface 'JSX.IntrinsicElements' exists.
src/components/forms/application-form.tsx(54,114): error TS7026: JSX element implicitly has type 'any' because no interface 'JSX.IntrinsicElements' exists.
src/components/forms/application-form.tsx(54,143): error TS7026: JSX element implicitly has type 'any' because no interface 'JSX.IntrinsicElements' exists.
src/components/forms/application-form.tsx(54,147): error TS7026: JSX element implicitly has type 'any' because no interface 'JSX.IntrinsicElements' exists.
src/components/forms/application-form.tsx(55,7): error TS7026: JSX element implicitly has type 'any' because no interface 'JSX.IntrinsicElements' exists.
src/components/forms/application-form.tsx(56,9): error TS7026: JSX element implicitly has type 'any' because no interface 'JSX.IntrinsicElements' exists.
src/components/forms/application-form.tsx(63,9): error TS7026: JSX element implicitly has type 'any' because no interface 'JSX.IntrinsicElements' exists.
src/components/forms/application-form.tsx(64,9): error TS7026: JSX element implicitly has type 'any' because no interface 'JSX.IntrinsicElements' exists.
src/components/forms/application-form.tsx(71,9): error TS7026: JSX element implicitly has type 'any' because no interface 'JSX.IntrinsicElements' exists.
src/components/forms/application-form.tsx(72,7): error TS7026: JSX element implicitly has type 'any' because no interface 'JSX.IntrinsicElements' exists.
src/components/forms/application-form.tsx(74,9): error TS7026: JSX element implicitly has type 'any' because no interface 'JSX.IntrinsicElements' exists.
src/components/forms/application-form.tsx(76,11): error TS7026: JSX element implicitly has type 'any' because no interface 'JSX.IntrinsicElements' exists.
src/components/forms/application-form.tsx(91,11): error TS7026: JSX element implicitly has type 'any' because no interface 'JSX.IntrinsicElements' exists.
src/components/forms/application-form.tsx(92,13): error TS7026: JSX element implicitly has type 'any' because no interface 'JSX.IntrinsicElements' exists.
src/components/forms/application-form.tsx(92,20): error TS7026: JSX element implicitly has type 'any' because no interface 'JSX.IntrinsicElements' exists.
src/components/forms/application-form.tsx(93,13): error TS7026: JSX element implicitly has type 'any' because no interface 'JSX.IntrinsicElements' exists.
src/components/forms/application-form.tsx(101,11): error TS7026: JSX element implicitly has type 'any' because no interface 'JSX.IntrinsicElements' exists.
src/components/forms/application-form.tsx(103,9): error TS7026: JSX element implicitly has type 'any' because no interface 'JSX.IntrinsicElements' exists.
src/components/forms/application-form.tsx(104,11): error TS7026: JSX element implicitly has type 'any' because no interface 'JSX.IntrinsicElements' exists.
src/components/forms/application-form.tsx(105,21): error TS7026: JSX element implicitly has type 'any' because no interface 'JSX.IntrinsicElements' exists.
src/components/forms/application-form.tsx(105,73): error TS7026: JSX element implicitly has type 'any' because no interface 'JSX.IntrinsicElements' exists.
src/components/forms/application-form.tsx(106,11): error TS7026: JSX element implicitly has type 'any' because no interface 'JSX.IntrinsicElements' exists.
src/components/forms/application-form.tsx(107,11): error TS7026: JSX element implicitly has type 'any' because no interface 'JSX.IntrinsicElements' exists.
src/components/forms/application-form.tsx(109,15): error TS7026: JSX element implicitly has type 'any' because no interface 'JSX.IntrinsicElements' exists.
src/components/forms/application-form.tsx(110,17): error TS7026: JSX element implicitly has type 'any' because no interface 'JSX.IntrinsicElements' exists.
src/components/forms/application-form.tsx(111,17): error TS7026: JSX element implicitly has type 'any' because no interface 'JSX.IntrinsicElements' exists.
src/components/forms/application-form.tsx(114,17): error TS7026: JSX element implicitly has type 'any' because no interface 'JSX.IntrinsicElements' exists.
src/components/forms/application-form.tsx(115,15): error TS7026: JSX element implicitly has type 'any' because no interface 'JSX.IntrinsicElements' exists.
src/components/forms/application-form.tsx(117,11): error TS7026: JSX element implicitly has type 'any' because no interface 'JSX.IntrinsicElements' exists.
src/components/forms/application-form.tsx(119,13): error TS7026: JSX element implicitly has type 'any' because no interface 'JSX.IntrinsicElements' exists.
src/components/forms/application-form.tsx(123,13): error TS7026: JSX element implicitly has type 'any' because no interface 'JSX.IntrinsicElements' exists.
src/components/forms/application-form.tsx(126,9): error TS7026: JSX element implicitly has type 'any' because no interface 'JSX.IntrinsicElements' exists.
src/components/forms/application-form.tsx(139,15): error TS7026: JSX element implicitly has type 'any' because no interface 'JSX.IntrinsicElements' exists.
src/components/forms/application-form.tsx(141,15): error TS7026: JSX element implicitly has type 'any' because no interface 'JSX.IntrinsicElements' exists.
src/components/forms/application-form.tsx(143,17): error TS7026: JSX element implicitly has type 'any' because no interface 'JSX.IntrinsicElements' exists.
src/components/forms/application-form.tsx(143,36): error TS7026: JSX element implicitly has type 'any' because no interface 'JSX.IntrinsicElements' exists.
src/components/forms/application-form.tsx(159,15): error TS7026: JSX element implicitly has type 'any' because no interface 'JSX.IntrinsicElements' exists.
src/components/forms/application-form.tsx(161,15): error TS7026: JSX element implicitly has type 'any' because no interface 'JSX.IntrinsicElements' exists.
src/components/forms/application-form.tsx(163,17): error TS7026: JSX element implicitly has type 'any' because no interface 'JSX.IntrinsicElements' exists.
src/components/forms/application-form.tsx(163,36): error TS7026: JSX element implicitly has type 'any' because no interface 'JSX.IntrinsicElements' exists.
src/components/forms/application-form.tsx(168,9): error TS7026: JSX element implicitly has type 'any' because no interface 'JSX.IntrinsicElements' exists.
src/components/forms/application-form.tsx(169,11): error TS7026: JSX element implicitly has type 'any' because no interface 'JSX.IntrinsicElements' exists.
src/components/forms/application-form.tsx(170,13): error TS7026: JSX element implicitly has type 'any' because no interface 'JSX.IntrinsicElements' exists.
src/components/forms/application-form.tsx(171,13): error TS7026: JSX element implicitly has type 'any' because no interface 'JSX.IntrinsicElements' exists.
src/components/forms/application-form.tsx(171,62): error TS7026: JSX element implicitly has type 'any' because no interface 'JSX.IntrinsicElements' exists.
src/components/forms/application-form.tsx(172,11): error TS7026: JSX element implicitly has type 'any' because no interface 'JSX.IntrinsicElements' exists.
src/components/forms/application-form.tsx(174,9): error TS7026: JSX element implicitly has type 'any' because no interface 'JSX.IntrinsicElements' exists.
src/components/forms/application-form.tsx(186,7): error TS7026: JSX element implicitly has type 'any' because no interface 'JSX.IntrinsicElements' exists.
src/components/forms/application-form.tsx(186,36): error TS7026: JSX element implicitly has type 'any' because no interface 'JSX.IntrinsicElements' exists.
src/components/forms/application-form.tsx(186,59): error TS7026: JSX element implicitly has type 'any' because no interface 'JSX.IntrinsicElements' exists.
src/components/forms/application-form.tsx(186,98): error TS7026: JSX element implicitly has type 'any' because no interface 'JSX.IntrinsicElements' exists.
src/components/forms/auth-form.tsx(4,32): error TS2307: Cannot find module 'react' or its corresponding type declarations.
src/components/forms/auth-form.tsx(5,18): error TS2307: Cannot find module 'next/link' or its corresponding type declarations.
src/components/forms/auth-form.tsx(6,35): error TS2307: Cannot find module 'lucide-react' or its corresponding type declarations.
src/components/forms/auth-form.tsx(36,14): error TS2503: Cannot find namespace 'React'.
src/components/forms/auth-form.tsx(45,7): error TS7026: JSX element implicitly has type 'any' because no interface 'JSX.IntrinsicElements' exists.
src/components/forms/auth-form.tsx(45,7): error TS2875: This JSX tag requires the module path 'react/jsx-runtime' to exist, but none could be found. Make sure you have types for the appropriate package installed.
src/components/forms/auth-form.tsx(46,9): error TS7026: JSX element implicitly has type 'any' because no interface 'JSX.IntrinsicElements' exists.
src/components/forms/auth-form.tsx(48,9): error TS7026: JSX element implicitly has type 'any' because no interface 'JSX.IntrinsicElements' exists.
src/components/forms/auth-form.tsx(49,9): error TS7026: JSX element implicitly has type 'any' because no interface 'JSX.IntrinsicElements' exists.
src/components/forms/auth-form.tsx(55,9): error TS7026: JSX element implicitly has type 'any' because no interface 'JSX.IntrinsicElements' exists.
src/components/forms/auth-form.tsx(56,9): error TS7026: JSX element implicitly has type 'any' because no interface 'JSX.IntrinsicElements' exists.
src/components/forms/auth-form.tsx(56,27): error TS7026: JSX element implicitly has type 'any' because no interface 'JSX.IntrinsicElements' exists.
src/components/forms/auth-form.tsx(63,7): error TS7026: JSX element implicitly has type 'any' because no interface 'JSX.IntrinsicElements' exists.
src/components/forms/auth-form.tsx(67,17): error TS7026: JSX element implicitly has type 'any' because no interface 'JSX.IntrinsicElements' exists.
src/components/forms/auth-form.tsx(79,11): error TS7026: JSX element implicitly has type 'any' because no interface 'JSX.IntrinsicElements' exists.
src/components/forms/auth-form.tsx(100,11): error TS7026: JSX element implicitly has type 'any' because no interface 'JSX.IntrinsicElements' exists.
src/components/forms/auth-form.tsx(116,11): error TS7026: JSX element implicitly has type 'any' because no interface 'JSX.IntrinsicElements' exists.
src/components/forms/auth-form.tsx(138,11): error TS7026: JSX element implicitly has type 'any' because no interface 'JSX.IntrinsicElements' exists.
src/components/forms/field.tsx(2,51): error TS2307: Cannot find module 'react' or its corresponding type declarations.
src/components/forms/field.tsx(26,5): error TS7026: JSX element implicitly has type 'any' because no interface 'JSX.IntrinsicElements' exists.
src/components/forms/field.tsx(26,5): error TS2875: This JSX tag requires the module path 'react/jsx-runtime' to exist, but none could be found. Make sure you have types for the appropriate package installed.
src/components/forms/field.tsx(27,7): error TS7026: JSX element implicitly has type 'any' because no interface 'JSX.IntrinsicElements' exists.
src/components/forms/field.tsx(27,36): error TS7026: JSX element implicitly has type 'any' because no interface 'JSX.IntrinsicElements' exists.
src/components/forms/field.tsx(30,9): error TS7026: JSX element implicitly has type 'any' because no interface 'JSX.IntrinsicElements' exists.
src/components/forms/field.tsx(32,9): error TS7026: JSX element implicitly has type 'any' because no interface 'JSX.IntrinsicElements' exists.
src/components/forms/field.tsx(34,9): error TS7026: JSX element implicitly has type 'any' because no interface 'JSX.IntrinsicElements' exists.
src/components/forms/field.tsx(34,41): error TS7026: JSX element implicitly has type 'any' because no interface 'JSX.IntrinsicElements' exists.
src/components/forms/field.tsx(36,5): error TS7026: JSX element implicitly has type 'any' because no interface 'JSX.IntrinsicElements' exists.
src/components/forms/validated-form.tsx(2,93): error TS2307: Cannot find module 'react' or its corresponding type declarations.
src/components/forms/validated-form.tsx(3,19): error TS2307: Cannot find module 'zod' or its corresponding type declarations.
src/components/forms/validated-form.tsx(11,10): error TS7026: JSX element implicitly has type 'any' because no interface 'JSX.IntrinsicElements' exists.
src/components/forms/validated-form.tsx(11,10): error TS2875: This JSX tag requires the module path 'react/jsx-runtime' to exist, but none could be found. Make sure you have types for the appropriate package installed.
src/components/forms/validated-form.tsx(11,46): error TS7026: JSX element implicitly has type 'any' because no interface 'JSX.IntrinsicElements' exists.
src/components/forms/validated-form.tsx(11,123): error TS7026: JSX element implicitly has type 'any' because no interface 'JSX.IntrinsicElements' exists.
src/components/forms/validated-form.tsx(11,138): error TS7026: JSX element implicitly has type 'any' because no interface 'JSX.IntrinsicElements' exists.
src/components/forms/validated-form.tsx(26,27): error TS7053: Element implicitly has an 'any' type because expression of type 'any' can't be used to index type '{ login: any; register: any; forgot: any; reset: any; application: any; }'.
src/components/forms/validated-form.tsx(32,77): error TS7006: Parameter 'name' implicitly has an 'any' type.
src/components/forms/validated-form.tsx(32,82): error TS7006: Parameter 'value' implicitly has an 'any' type.
src/components/forms/validated-form.tsx(32,100): error TS7006: Parameter 'current' implicitly has an 'any' type.
src/components/forms/validated-form.tsx(32,211): error TS7026: JSX element implicitly has type 'any' because no interface 'JSX.IntrinsicElements' exists.
src/components/forms/validated-form.tsx(32,259): error TS7006: Parameter 'event' implicitly has an 'any' type.
src/components/forms/validated-form.tsx(34,61): error TS2347: Untyped function calls may not accept type arguments.
src/components/forms/validated-form.tsx(36,16): error TS7006: Parameter 'event' implicitly has an 'any' type.
src/components/forms/validated-form.tsx(38,14): error TS7006: Parameter 'current' implicitly has an 'any' type.
src/components/forms/validated-form.tsx(41,16): error TS7026: JSX element implicitly has type 'any' because no interface 'JSX.IntrinsicElements' exists.
src/components/layout/dashboard-shell.tsx(9,13): error TS2503: Cannot find namespace 'React'.
src/components/layout/dashboard-shell.tsx(13,5): error TS7026: JSX element implicitly has type 'any' because no interface 'JSX.IntrinsicElements' exists.
src/components/layout/dashboard-shell.tsx(13,5): error TS2875: This JSX tag requires the module path 'react/jsx-runtime' to exist, but none could be found. Make sure you have types for the appropriate package installed.
src/components/layout/dashboard-shell.tsx(15,7): error TS7026: JSX element implicitly has type 'any' because no interface 'JSX.IntrinsicElements' exists.
src/components/layout/dashboard-shell.tsx(16,9): error TS7026: JSX element implicitly has type 'any' because no interface 'JSX.IntrinsicElements' exists.
src/components/layout/dashboard-shell.tsx(17,11): error TS7026: JSX element implicitly has type 'any' because no interface 'JSX.IntrinsicElements' exists.
src/components/layout/dashboard-shell.tsx(18,22): error TS7026: JSX element implicitly has type 'any' because no interface 'JSX.IntrinsicElements' exists.
src/components/layout/dashboard-shell.tsx(18,60): error TS7026: JSX element implicitly has type 'any' because no interface 'JSX.IntrinsicElements' exists.
src/components/layout/dashboard-shell.tsx(19,11): error TS7026: JSX element implicitly has type 'any' because no interface 'JSX.IntrinsicElements' exists.
src/components/layout/dashboard-shell.tsx(20,11): error TS7026: JSX element implicitly has type 'any' because no interface 'JSX.IntrinsicElements' exists.
src/components/layout/dashboard-shell.tsx(26,11): error TS7026: JSX element implicitly has type 'any' because no interface 'JSX.IntrinsicElements' exists.
src/components/layout/dashboard-shell.tsx(27,9): error TS7026: JSX element implicitly has type 'any' because no interface 'JSX.IntrinsicElements' exists.
src/components/layout/dashboard-shell.tsx(28,9): error TS7026: JSX element implicitly has type 'any' because no interface 'JSX.IntrinsicElements' exists.
src/components/layout/dashboard-shell.tsx(28,54): error TS7026: JSX element implicitly has type 'any' because no interface 'JSX.IntrinsicElements' exists.
src/components/layout/dashboard-shell.tsx(29,7): error TS7026: JSX element implicitly has type 'any' because no interface 'JSX.IntrinsicElements' exists.
src/components/layout/dashboard-shell.tsx(30,5): error TS7026: JSX element implicitly has type 'any' because no interface 'JSX.IntrinsicElements' exists.
src/components/layout/navigation.tsx(2,38): error TS2307: Cannot find module 'react' or its corresponding type declarations.
src/components/layout/navigation.tsx(3,31): error TS2307: Cannot find module 'react-dom' or its corresponding type declarations.
src/components/layout/navigation.tsx(4,18): error TS2307: Cannot find module 'next/link' or its corresponding type declarations.
src/components/layout/navigation.tsx(5,29): error TS2307: Cannot find module 'next/navigation' or its corresponding type declarations.
src/components/layout/navigation.tsx(17,8): error TS2307: Cannot find module 'lucide-react' or its corresponding type declarations.
src/components/layout/navigation.tsx(58,5): error TS7026: JSX element implicitly has type 'any' because no interface 'JSX.IntrinsicElements' exists.
src/components/layout/navigation.tsx(58,5): error TS2875: This JSX tag requires the module path 'react/jsx-runtime' to exist, but none could be found. Make sure you have types for the appropriate package installed.
src/components/layout/navigation.tsx(71,39): error TS7026: JSX element implicitly has type 'any' because no interface 'JSX.IntrinsicElements' exists.
src/components/layout/navigation.tsx(71,137): error TS7026: JSX element implicitly has type 'any' because no interface 'JSX.IntrinsicElements' exists.
src/components/layout/navigation.tsx(77,5): error TS7026: JSX element implicitly has type 'any' because no interface 'JSX.IntrinsicElements' exists.
src/components/layout/navigation.tsx(80,5): error TS7026: JSX element implicitly has type 'any' because no interface 'JSX.IntrinsicElements' exists.
src/components/layout/navigation.tsx(81,7): error TS7026: JSX element implicitly has type 'any' because no interface 'JSX.IntrinsicElements' exists.
src/components/layout/navigation.tsx(81,61): error TS7026: JSX element implicitly has type 'any' because no interface 'JSX.IntrinsicElements' exists.
src/components/layout/navigation.tsx(82,7): error TS7026: JSX element implicitly has type 'any' because no interface 'JSX.IntrinsicElements' exists.
src/components/layout/navigation.tsx(83,9): error TS7026: JSX element implicitly has type 'any' because no interface 'JSX.IntrinsicElements' exists.
src/components/layout/navigation.tsx(83,36): error TS7026: JSX element implicitly has type 'any' because no interface 'JSX.IntrinsicElements' exists.
src/components/layout/navigation.tsx(84,9): error TS7026: JSX element implicitly has type 'any' because no interface 'JSX.IntrinsicElements' exists.
src/components/layout/navigation.tsx(84,41): error TS7026: JSX element implicitly has type 'any' because no interface 'JSX.IntrinsicElements' exists.
src/components/layout/navigation.tsx(85,7): error TS7026: JSX element implicitly has type 'any' because no interface 'JSX.IntrinsicElements' exists.
src/components/layout/navigation.tsx(86,7): error TS7026: JSX element implicitly has type 'any' because no interface 'JSX.IntrinsicElements' exists.
src/components/layout/navigation.tsx(88,7): error TS7026: JSX element implicitly has type 'any' because no interface 'JSX.IntrinsicElements' exists.
src/components/layout/navigation.tsx(89,5): error TS7026: JSX element implicitly has type 'any' because no interface 'JSX.IntrinsicElements' exists.
src/components/layout/navigation.tsx(93,7): error TS7026: JSX element implicitly has type 'any' because no interface 'JSX.IntrinsicElements' exists.
src/components/layout/navigation.tsx(95,9): error TS7026: JSX element implicitly has type 'any' because no interface 'JSX.IntrinsicElements' exists.
src/components/layout/navigation.tsx(95,56): error TS7026: JSX element implicitly has type 'any' because no interface 'JSX.IntrinsicElements' exists.
src/components/layout/navigation.tsx(97,9): error TS7026: JSX element implicitly has type 'any' because no interface 'JSX.IntrinsicElements' exists.
src/components/layout/navigation.tsx(99,9): error TS7026: JSX element implicitly has type 'any' because no interface 'JSX.IntrinsicElements' exists.
src/components/layout/navigation.tsx(100,7): error TS7026: JSX element implicitly has type 'any' because no interface 'JSX.IntrinsicElements' exists.
src/components/layout/navigation.tsx(101,7): error TS7026: JSX element implicitly has type 'any' because no interface 'JSX.IntrinsicElements' exists.
src/components/layout/navigation.tsx(116,7): error TS7026: JSX element implicitly has type 'any' because no interface 'JSX.IntrinsicElements' exists.
src/components/people/directory-filters.tsx(2,29): error TS2307: Cannot find module 'react' or its corresponding type declarations.
src/components/people/directory-filters.tsx(3,24): error TS2307: Cannot find module 'lucide-react' or its corresponding type declarations.
src/components/people/directory-filters.tsx(16,10): error TS7026: JSX element implicitly has type 'any' because no interface 'JSX.IntrinsicElements' exists.
src/components/people/directory-filters.tsx(16,10): error TS2875: This JSX tag requires the module path 'react/jsx-runtime' to exist, but none could be found. Make sure you have types for the appropriate package installed.
src/components/people/directory-filters.tsx(17,5): error TS7026: JSX element implicitly has type 'any' because no interface 'JSX.IntrinsicElements' exists.
src/components/people/directory-filters.tsx(19,7): error TS7026: JSX element implicitly has type 'any' because no interface 'JSX.IntrinsicElements' exists.
src/components/people/directory-filters.tsx(20,37): error TS7006: Parameter 'event' implicitly has an 'any' type.
src/components/people/directory-filters.tsx(21,5): error TS7026: JSX element implicitly has type 'any' because no interface 'JSX.IntrinsicElements' exists.
src/components/people/directory-filters.tsx(24,7): error TS7026: JSX element implicitly has type 'any' because no interface 'JSX.IntrinsicElements' exists.
src/components/people/directory-filters.tsx(24,79): error TS7026: JSX element implicitly has type 'any' because no interface 'JSX.IntrinsicElements' exists.
src/components/people/directory-filters.tsx(25,30): error TS7026: JSX element implicitly has type 'any' because no interface 'JSX.IntrinsicElements' exists.
src/components/people/directory-filters.tsx(25,92): error TS7026: JSX element implicitly has type 'any' because no interface 'JSX.IntrinsicElements' exists.
src/components/people/directory-filters.tsx(27,3): error TS7026: JSX element implicitly has type 'any' because no interface 'JSX.IntrinsicElements' exists.
src/components/people/user-actions-menu.tsx(2,62): error TS2307: Cannot find module 'react' or its corresponding type declarations.
src/components/people/user-actions-menu.tsx(45,10): error TS2875: This JSX tag requires the module path 'react/jsx-runtime' to exist, but none could be found. Make sure you have types for the appropriate package installed.
src/components/people/user-actions-menu.tsx(45,197): error TS7006: Parameter 'value' implicitly has an 'any' type.
src/components/people/user-actions-menu.tsx(46,14): error TS7026: JSX element implicitly has type 'any' because no interface 'JSX.IntrinsicElements' exists.
src/components/people/user-actions-menu.tsx(46,131): error TS7006: Parameter 'event' implicitly has an 'any' type.
src/components/people/user-actions-menu.tsx(52,24): error TS7026: JSX element implicitly has type 'any' because no interface 'JSX.IntrinsicElements' exists.
src/components/people/user-actions-menu.tsx(52,182): error TS7026: JSX element implicitly has type 'any' because no interface 'JSX.IntrinsicElements' exists.
src/components/people/user-actions-menu.tsx(52,193): error TS7026: JSX element implicitly has type 'any' because no interface 'JSX.IntrinsicElements' exists.
src/components/people/user-actions-menu.tsx(53,51): error TS7006: Parameter 'value' implicitly has an 'any' type.
src/components/people/user-actions-menu.tsx(53,169): error TS7006: Parameter 'event' implicitly has an 'any' type.
src/components/people/user-actions-menu.tsx(56,7): error TS7026: JSX element implicitly has type 'any' because no interface 'JSX.IntrinsicElements' exists.
src/components/people/user-actions-menu.tsx(56,35): error TS7026: JSX element implicitly has type 'any' because no interface 'JSX.IntrinsicElements' exists.
src/components/people/user-actions-menu.tsx(56,471): error TS7026: JSX element implicitly has type 'any' because no interface 'JSX.IntrinsicElements' exists.
src/components/people/user-actions-menu.tsx(58,134): error TS7026: JSX element implicitly has type 'any' because no interface 'JSX.IntrinsicElements' exists.
src/components/schedule/calendar.tsx(2,110): error TS2307: Cannot find module 'react' or its corresponding type declarations.
src/components/schedule/calendar.tsx(3,46): error TS2307: Cannot find module 'next/navigation' or its corresponding type declarations.
src/components/schedule/calendar.tsx(4,78): error TS2307: Cannot find module 'lucide-react' or its corresponding type declarations.
src/components/schedule/calendar.tsx(117,20): error TS7006: Parameter 'current' implicitly has an 'any' type.
src/components/schedule/calendar.tsx(132,93): error TS7006: Parameter 'l' implicitly has an 'any' type.
src/components/schedule/calendar.tsx(136,34): error TS7006: Parameter 'l' implicitly has an 'any' type.
src/components/schedule/calendar.tsx(136,64): error TS7006: Parameter 'l' implicitly has an 'any' type.
src/components/schedule/calendar.tsx(137,29): error TS7006: Parameter 'l' implicitly has an 'any' type.
src/components/schedule/calendar.tsx(162,40): error TS7006: Parameter 'l' implicitly has an 'any' type.
src/components/schedule/calendar.tsx(165,80): error TS7006: Parameter 'l' implicitly has an 'any' type.
src/components/schedule/calendar.tsx(170,46): error TS7006: Parameter 'l' implicitly has an 'any' type.
src/components/schedule/calendar.tsx(171,40): error TS7006: Parameter 'r' implicitly has an 'any' type.
src/components/schedule/calendar.tsx(175,25): error TS7006: Parameter 'l' implicitly has an 'any' type.
src/components/schedule/calendar.tsx(176,31): error TS7006: Parameter 'l' implicitly has an 'any' type.
src/components/schedule/calendar.tsx(177,29): error TS7006: Parameter 'l' implicitly has an 'any' type.
src/components/schedule/calendar.tsx(187,64): error TS7006: Parameter 'l' implicitly has an 'any' type.
src/components/schedule/calendar.tsx(208,56): error TS7006: Parameter 'l' implicitly has an 'any' type.
src/components/schedule/calendar.tsx(209,74): error TS7006: Parameter 'l' implicitly has an 'any' type.
src/components/schedule/calendar.tsx(210,31): error TS7006: Parameter 'l' implicitly has an 'any' type.
src/components/schedule/calendar.tsx(210,46): error TS7006: Parameter 'g' implicitly has an 'any' type.
src/components/schedule/calendar.tsx(236,41): error TS7006: Parameter 'l' implicitly has an 'any' type.
src/components/schedule/calendar.tsx(271,127): error TS7006: Parameter 'l' implicitly has an 'any' type.
src/components/schedule/calendar.tsx(290,57): error TS7006: Parameter 'l' implicitly has an 'any' type.
src/components/schedule/calendar.tsx(291,38): error TS7006: Parameter 'l' implicitly has an 'any' type.
src/components/schedule/calendar.tsx(291,129): error TS7006: Parameter 'l' implicitly has an 'any' type.
src/components/schedule/calendar.tsx(294,64): error TS7006: Parameter 'l' implicitly has an 'any' type.
src/components/schedule/calendar.tsx(294,83): error TS7006: Parameter 'p' implicitly has an 'any' type.
src/components/schedule/calendar.tsx(312,22): error TS7006: Parameter 'current' implicitly has an 'any' type.
src/components/schedule/calendar.tsx(312,70): error TS7006: Parameter 'l' implicitly has an 'any' type.
src/components/schedule/calendar.tsx(328,75): error TS7006: Parameter 'l' implicitly has an 'any' type.
src/components/schedule/calendar.tsx(337,46): error TS7006: Parameter 'l' implicitly has an 'any' type.
src/components/schedule/calendar.tsx(338,10): error TS7026: JSX element implicitly has type 'any' because no interface 'JSX.IntrinsicElements' exists.
src/components/schedule/calendar.tsx(338,10): error TS2875: This JSX tag requires the module path 'react/jsx-runtime' to exist, but none could be found. Make sure you have types for the appropriate package installed.
src/components/schedule/calendar.tsx(338,78): error TS7006: Parameter 'e' implicitly has an 'any' type.
src/components/schedule/calendar.tsx(342,132): error TS7006: Parameter 'l' implicitly has an 'any' type.
src/components/schedule/calendar.tsx(344,191): error TS7006: Parameter 'n' implicitly has an 'any' type.
src/components/schedule/calendar.tsx(344,779): error TS7026: JSX element implicitly has type 'any' because no interface 'JSX.IntrinsicElements' exists.
src/components/schedule/calendar.tsx(344,813): error TS7026: JSX element implicitly has type 'any' because no interface 'JSX.IntrinsicElements' exists.
src/components/schedule/calendar.tsx(344,920): error TS7026: JSX element implicitly has type 'any' because no interface 'JSX.IntrinsicElements' exists.
src/components/schedule/calendar.tsx(344,940): error TS7026: JSX element implicitly has type 'any' because no interface 'JSX.IntrinsicElements' exists.
src/components/schedule/calendar.tsx(347,5): error TS7026: JSX element implicitly has type 'any' because no interface 'JSX.IntrinsicElements' exists.
src/components/schedule/calendar.tsx(347,13): error TS7026: JSX element implicitly has type 'any' because no interface 'JSX.IntrinsicElements' exists.
src/components/schedule/calendar.tsx(348,5): error TS7026: JSX element implicitly has type 'any' because no interface 'JSX.IntrinsicElements' exists.
src/components/schedule/calendar.tsx(350,7): error TS7026: JSX element implicitly has type 'any' because no interface 'JSX.IntrinsicElements' exists.
src/components/schedule/calendar.tsx(350,76): error TS7026: JSX element implicitly has type 'any' because no interface 'JSX.IntrinsicElements' exists.
src/components/schedule/calendar.tsx(352,5): error TS7026: JSX element implicitly has type 'any' because no interface 'JSX.IntrinsicElements' exists.
src/components/schedule/calendar.tsx(353,5): error TS7026: JSX element implicitly has type 'any' because no interface 'JSX.IntrinsicElements' exists.
src/components/schedule/calendar.tsx(353,43): error TS7026: JSX element implicitly has type 'any' because no interface 'JSX.IntrinsicElements' exists.
src/components/schedule/calendar.tsx(353,73): error TS7026: JSX element implicitly has type 'any' because no interface 'JSX.IntrinsicElements' exists.
src/components/schedule/calendar.tsx(353,186): error TS7026: JSX element implicitly has type 'any' because no interface 'JSX.IntrinsicElements' exists.
src/components/schedule/calendar.tsx(353,210): error TS7026: JSX element implicitly has type 'any' because no interface 'JSX.IntrinsicElements' exists.
src/components/schedule/calendar.tsx(353,219): error TS7026: JSX element implicitly has type 'any' because no interface 'JSX.IntrinsicElements' exists.
src/components/schedule/calendar.tsx(353,227): error TS7026: JSX element implicitly has type 'any' because no interface 'JSX.IntrinsicElements' exists.
src/components/schedule/calendar.tsx(354,5): error TS7026: JSX element implicitly has type 'any' because no interface 'JSX.IntrinsicElements' exists.
src/components/schedule/calendar.tsx(355,7): error TS7026: JSX element implicitly has type 'any' because no interface 'JSX.IntrinsicElements' exists.
src/components/schedule/calendar.tsx(355,104): error TS7026: JSX element implicitly has type 'any' because no interface 'JSX.IntrinsicElements' exists.
src/components/schedule/calendar.tsx(355,194): error TS7026: JSX element implicitly has type 'any' because no interface 'JSX.IntrinsicElements' exists.
src/components/schedule/calendar.tsx(355,203): error TS7026: JSX element implicitly has type 'any' because no interface 'JSX.IntrinsicElements' exists.
src/components/schedule/calendar.tsx(356,7): error TS7026: JSX element implicitly has type 'any' because no interface 'JSX.IntrinsicElements' exists.
src/components/schedule/calendar.tsx(359,25): error TS7006: Parameter 'e' implicitly has an 'any' type.
src/components/schedule/calendar.tsx(365,56): error TS7006: Parameter 'l' implicitly has an 'any' type.
src/components/schedule/calendar.tsx(374,28): error TS7026: JSX element implicitly has type 'any' because no interface 'JSX.IntrinsicElements' exists.
src/components/schedule/calendar.tsx(375,49): error TS7026: JSX element implicitly has type 'any' because no interface 'JSX.IntrinsicElements' exists.
src/components/schedule/calendar.tsx(376,51): error TS7031: Binding element 'lesson' implicitly has an 'any' type.
src/components/schedule/calendar.tsx(376,59): error TS7031: Binding element 'segment' implicitly has an 'any' type.
src/components/schedule/calendar.tsx(376,68): error TS7031: Binding element 'lane' implicitly has an 'any' type.
src/components/schedule/calendar.tsx(376,74): error TS7031: Binding element 'lanes' implicitly has an 'any' type.
src/components/schedule/calendar.tsx(380,20): error TS7026: JSX element implicitly has type 'any' because no interface 'JSX.IntrinsicElements' exists.
src/components/schedule/calendar.tsx(382,149): error TS7006: Parameter 'p' implicitly has an 'any' type.
src/components/schedule/calendar.tsx(385,25): error TS7006: Parameter 'e' implicitly has an 'any' type.
src/components/schedule/calendar.tsx(386,15): error TS7026: JSX element implicitly has type 'any' because no interface 'JSX.IntrinsicElements' exists.
src/components/schedule/calendar.tsx(386,208): error TS7026: JSX element implicitly has type 'any' because no interface 'JSX.IntrinsicElements' exists.
src/components/schedule/calendar.tsx(387,15): error TS7026: JSX element implicitly has type 'any' because no interface 'JSX.IntrinsicElements' exists.
src/components/schedule/calendar.tsx(387,132): error TS7026: JSX element implicitly has type 'any' because no interface 'JSX.IntrinsicElements' exists.
src/components/schedule/calendar.tsx(388,13): error TS7026: JSX element implicitly has type 'any' because no interface 'JSX.IntrinsicElements' exists.
src/components/schedule/calendar.tsx(390,29): error TS7026: JSX element implicitly has type 'any' because no interface 'JSX.IntrinsicElements' exists.
src/components/schedule/calendar.tsx(391,9): error TS7026: JSX element implicitly has type 'any' because no interface 'JSX.IntrinsicElements' exists.
src/components/schedule/calendar.tsx(392,23): error TS7026: JSX element implicitly has type 'any' because no interface 'JSX.IntrinsicElements' exists.
src/components/schedule/calendar.tsx(393,7): error TS7026: JSX element implicitly has type 'any' because no interface 'JSX.IntrinsicElements' exists.
src/components/schedule/calendar.tsx(394,5): error TS7026: JSX element implicitly has type 'any' because no interface 'JSX.IntrinsicElements' exists.
src/components/schedule/calendar.tsx(395,44): error TS2322: Type '{ key: any; lesson: any; draft: any; serverErrors: any; data: { now: string; role: Role; week: string; lessons: ScheduleLesson[]; students: { id: string; name: string; }[]; subjects: { ...; }[]; assignments?: { ...; }[] | undefined; studentAvailability?: AvailabilityRule[] | undefined; ownerId?: string | undefined; ...' is not assignable to type '{ lesson: ScheduleLesson | null; data: ScheduleData; date: string; draft?: any; serverErrors?: Record<string, string[]> | undefined; onClose: () => void; onSubmitLesson: (input: z.infer<...>) => Promise<...>; }'.
  Property 'key' does not exist on type '{ lesson: ScheduleLesson | null; data: ScheduleData; date: string; draft?: any; serverErrors?: Record<string, string[]> | undefined; onClose: () => void; onSubmitLesson: (input: z.infer<...>) => Promise<...>; }'.
src/components/schedule/calendar.tsx(398,296): error TS7006: Parameter 'l' implicitly has an 'any' type.
src/components/schedule/calendar.tsx(399,48): error TS7006: Parameter 'l' implicitly has an 'any' type.
src/components/schedule/calendar.tsx(399,81): error TS7006: Parameter 'l' implicitly has an 'any' type.
src/components/schedule/calendar.tsx(401,164): error TS7026: JSX element implicitly has type 'any' because no interface 'JSX.IntrinsicElements' exists.
src/components/schedule/calendar.tsx(402,546): error TS7026: JSX element implicitly has type 'any' because no interface 'JSX.IntrinsicElements' exists.
src/components/schedule/calendar.tsx(402,564): error TS7026: JSX element implicitly has type 'any' because no interface 'JSX.IntrinsicElements' exists.
src/components/schedule/calendar.tsx(402,576): error TS7026: JSX element implicitly has type 'any' because no interface 'JSX.IntrinsicElements' exists.
src/components/schedule/calendar.tsx(402,581): error TS7026: JSX element implicitly has type 'any' because no interface 'JSX.IntrinsicElements' exists.
src/components/schedule/calendar.tsx(402,590): error TS7026: JSX element implicitly has type 'any' because no interface 'JSX.IntrinsicElements' exists.
src/components/schedule/calendar.tsx(402,595): error TS7026: JSX element implicitly has type 'any' because no interface 'JSX.IntrinsicElements' exists.
src/components/schedule/calendar.tsx(403,5): error TS7026: JSX element implicitly has type 'any' because no interface 'JSX.IntrinsicElements' exists.
src/components/schedule/calendar.tsx(404,3): error TS7026: JSX element implicitly has type 'any' because no interface 'JSX.IntrinsicElements' exists.
src/components/schedule/context-menu.tsx(3,52): error TS2307: Cannot find module 'react' or its corresponding type declarations.
src/components/schedule/context-menu.tsx(27,10): error TS7026: JSX element implicitly has type 'any' because no interface 'JSX.IntrinsicElements' exists.
src/components/schedule/context-menu.tsx(27,10): error TS2875: This JSX tag requires the module path 'react/jsx-runtime' to exist, but none could be found. Make sure you have types for the appropriate package installed.
src/components/schedule/context-menu.tsx(29,22): error TS7006: Parameter 'e' implicitly has an 'any' type.
src/components/schedule/context-menu.tsx(30,17): error TS7006: Parameter 'e' implicitly has an 'any' type.
src/components/schedule/context-menu.tsx(40,5): error TS7026: JSX element implicitly has type 'any' because no interface 'JSX.IntrinsicElements' exists.
src/components/schedule/context-menu.tsx(40,83): error TS7026: JSX element implicitly has type 'any' because no interface 'JSX.IntrinsicElements' exists.
src/components/schedule/context-menu.tsx(41,5): error TS7026: JSX element implicitly has type 'any' because no interface 'JSX.IntrinsicElements' exists.
src/components/schedule/context-menu.tsx(41,72): error TS7026: JSX element implicitly has type 'any' because no interface 'JSX.IntrinsicElements' exists.
src/components/schedule/context-menu.tsx(41,296): error TS7026: JSX element implicitly has type 'any' because no interface 'JSX.IntrinsicElements' exists.
src/components/schedule/context-menu.tsx(42,5): error TS7026: JSX element implicitly has type 'any' because no interface 'JSX.IntrinsicElements' exists.
src/components/schedule/context-menu.tsx(42,158): error TS7026: JSX element implicitly has type 'any' because no interface 'JSX.IntrinsicElements' exists.
src/components/schedule/context-menu.tsx(43,5): error TS7026: JSX element implicitly has type 'any' because no interface 'JSX.IntrinsicElements' exists.
src/components/schedule/context-menu.tsx(43,103): error TS7026: JSX element implicitly has type 'any' because no interface 'JSX.IntrinsicElements' exists.
src/components/schedule/context-menu.tsx(44,5): error TS7026: JSX element implicitly has type 'any' because no interface 'JSX.IntrinsicElements' exists.
src/components/schedule/context-menu.tsx(44,67): error TS7026: JSX element implicitly has type 'any' because no interface 'JSX.IntrinsicElements' exists.
src/components/schedule/context-menu.tsx(45,42): error TS7026: JSX element implicitly has type 'any' because no interface 'JSX.IntrinsicElements' exists.
src/components/schedule/context-menu.tsx(45,108): error TS7026: JSX element implicitly has type 'any' because no interface 'JSX.IntrinsicElements' exists.
src/components/schedule/context-menu.tsx(45,120): error TS7026: JSX element implicitly has type 'any' because no interface 'JSX.IntrinsicElements' exists.
src/components/schedule/context-menu.tsx(45,128): error TS7026: JSX element implicitly has type 'any' because no interface 'JSX.IntrinsicElements' exists.
src/components/schedule/context-menu.tsx(46,5): error TS7026: JSX element implicitly has type 'any' because no interface 'JSX.IntrinsicElements' exists.
src/components/schedule/context-menu.tsx(46,99): error TS7026: JSX element implicitly has type 'any' because no interface 'JSX.IntrinsicElements' exists.
src/components/schedule/context-menu.tsx(46,112): error TS7026: JSX element implicitly has type 'any' because no interface 'JSX.IntrinsicElements' exists.
src/components/schedule/context-menu.tsx(46,120): error TS7026: JSX element implicitly has type 'any' because no interface 'JSX.IntrinsicElements' exists.
src/components/schedule/context-menu.tsx(47,5): error TS7026: JSX element implicitly has type 'any' because no interface 'JSX.IntrinsicElements' exists.
src/components/schedule/context-menu.tsx(47,81): error TS7026: JSX element implicitly has type 'any' because no interface 'JSX.IntrinsicElements' exists.
src/components/schedule/context-menu.tsx(48,3): error TS7026: JSX element implicitly has type 'any' because no interface 'JSX.IntrinsicElements' exists.
src/components/schedule/empty-context-menu.tsx(2,52): error TS2307: Cannot find module 'react' or its corresponding type declarations.
src/components/schedule/empty-context-menu.tsx(18,10): error TS7026: JSX element implicitly has type 'any' because no interface 'JSX.IntrinsicElements' exists.
src/components/schedule/empty-context-menu.tsx(18,10): error TS2875: This JSX tag requires the module path 'react/jsx-runtime' to exist, but none could be found. Make sure you have types for the appropriate package installed.
src/components/schedule/empty-context-menu.tsx(18,149): error TS7006: Parameter 'e' implicitly has an 'any' type.
src/components/schedule/empty-context-menu.tsx(28,18): error TS7026: JSX element implicitly has type 'any' because no interface 'JSX.IntrinsicElements' exists.
src/components/schedule/empty-context-menu.tsx(28,89): error TS7026: JSX element implicitly has type 'any' because no interface 'JSX.IntrinsicElements' exists.
src/components/schedule/empty-context-menu.tsx(28,102): error TS7026: JSX element implicitly has type 'any' because no interface 'JSX.IntrinsicElements' exists.
src/components/schedule/empty-context-menu.tsx(28,110): error TS7026: JSX element implicitly has type 'any' because no interface 'JSX.IntrinsicElements' exists.
src/components/schedule/empty-context-menu.tsx(29,5): error TS7026: JSX element implicitly has type 'any' because no interface 'JSX.IntrinsicElements' exists.
src/components/schedule/empty-context-menu.tsx(29,89): error TS7026: JSX element implicitly has type 'any' because no interface 'JSX.IntrinsicElements' exists.
src/components/schedule/empty-context-menu.tsx(30,18): error TS7026: JSX element implicitly has type 'any' because no interface 'JSX.IntrinsicElements' exists.
src/components/schedule/empty-context-menu.tsx(30,57): error TS7026: JSX element implicitly has type 'any' because no interface 'JSX.IntrinsicElements' exists.
src/components/schedule/empty-context-menu.tsx(31,3): error TS7026: JSX element implicitly has type 'any' because no interface 'JSX.IntrinsicElements' exists.
src/components/schedule/lesson-dialog.tsx(5,45): error TS2307: Cannot find module 'react' or its corresponding type declarations.
src/components/schedule/lesson-dialog.tsx(70,51): error TS7006: Parameter 'current' implicitly has an 'any' type.
src/components/schedule/lesson-dialog.tsx(71,67): error TS7026: JSX element implicitly has type 'any' because no interface 'JSX.IntrinsicElements' exists.
src/components/schedule/lesson-dialog.tsx(71,160): error TS7026: JSX element implicitly has type 'any' because no interface 'JSX.IntrinsicElements' exists.
src/components/schedule/lesson-dialog.tsx(72,10): error TS2875: This JSX tag requires the module path 'react/jsx-runtime' to exist, but none could be found. Make sure you have types for the appropriate package installed.
src/components/schedule/lesson-dialog.tsx(72,38): error TS7006: Parameter 'open' implicitly has an 'any' type.
src/components/schedule/lesson-dialog.tsx(73,38): error TS7006: Parameter 'event' implicitly has an 'any' type.
src/components/schedule/lesson-dialog.tsx(76,29): error TS7026: JSX element implicitly has type 'any' because no interface 'JSX.IntrinsicElements' exists.
src/components/schedule/lesson-dialog.tsx(77,9): error TS7026: JSX element implicitly has type 'any' because no interface 'JSX.IntrinsicElements' exists.
src/components/schedule/lesson-dialog.tsx(77,22): error TS7026: JSX element implicitly has type 'any' because no interface 'JSX.IntrinsicElements' exists.
src/components/schedule/lesson-dialog.tsx(77,27): error TS7026: JSX element implicitly has type 'any' because no interface 'JSX.IntrinsicElements' exists.
src/components/schedule/lesson-dialog.tsx(77,49): error TS7026: JSX element implicitly has type 'any' because no interface 'JSX.IntrinsicElements' exists.
src/components/schedule/lesson-dialog.tsx(78,9): error TS7026: JSX element implicitly has type 'any' because no interface 'JSX.IntrinsicElements' exists.
src/components/schedule/lesson-dialog.tsx(78,20): error TS7026: JSX element implicitly has type 'any' because no interface 'JSX.IntrinsicElements' exists.
src/components/schedule/lesson-dialog.tsx(78,25): error TS7026: JSX element implicitly has type 'any' because no interface 'JSX.IntrinsicElements' exists.
src/components/schedule/lesson-dialog.tsx(78,49): error TS7026: JSX element implicitly has type 'any' because no interface 'JSX.IntrinsicElements' exists.
src/components/schedule/lesson-dialog.tsx(79,9): error TS7026: JSX element implicitly has type 'any' because no interface 'JSX.IntrinsicElements' exists.
src/components/schedule/lesson-dialog.tsx(79,17): error TS7026: JSX element implicitly has type 'any' because no interface 'JSX.IntrinsicElements' exists.
src/components/schedule/lesson-dialog.tsx(79,22): error TS7026: JSX element implicitly has type 'any' because no interface 'JSX.IntrinsicElements' exists.
src/components/schedule/lesson-dialog.tsx(79,69): error TS7026: JSX element implicitly has type 'any' because no interface 'JSX.IntrinsicElements' exists.
src/components/schedule/lesson-dialog.tsx(80,9): error TS7026: JSX element implicitly has type 'any' because no interface 'JSX.IntrinsicElements' exists.
src/components/schedule/lesson-dialog.tsx(80,19): error TS7026: JSX element implicitly has type 'any' because no interface 'JSX.IntrinsicElements' exists.
src/components/schedule/lesson-dialog.tsx(80,24): error TS7026: JSX element implicitly has type 'any' because no interface 'JSX.IntrinsicElements' exists.
src/components/schedule/lesson-dialog.tsx(80,40): error TS7026: JSX element implicitly has type 'any' because no interface 'JSX.IntrinsicElements' exists.
src/components/schedule/lesson-dialog.tsx(81,9): error TS7026: JSX element implicitly has type 'any' because no interface 'JSX.IntrinsicElements' exists.
src/components/schedule/lesson-dialog.tsx(81,22): error TS7026: JSX element implicitly has type 'any' because no interface 'JSX.IntrinsicElements' exists.
src/components/schedule/lesson-dialog.tsx(81,27): error TS7026: JSX element implicitly has type 'any' because no interface 'JSX.IntrinsicElements' exists.
src/components/schedule/lesson-dialog.tsx(81,124): error TS7026: JSX element implicitly has type 'any' because no interface 'JSX.IntrinsicElements' exists.
src/components/schedule/lesson-dialog.tsx(82,9): error TS7026: JSX element implicitly has type 'any' because no interface 'JSX.IntrinsicElements' exists.
src/components/schedule/lesson-dialog.tsx(82,25): error TS7026: JSX element implicitly has type 'any' because no interface 'JSX.IntrinsicElements' exists.
src/components/schedule/lesson-dialog.tsx(82,30): error TS7026: JSX element implicitly has type 'any' because no interface 'JSX.IntrinsicElements' exists.
src/components/schedule/lesson-dialog.tsx(82,62): error TS7026: JSX element implicitly has type 'any' because no interface 'JSX.IntrinsicElements' exists.
src/components/schedule/lesson-dialog.tsx(83,9): error TS7026: JSX element implicitly has type 'any' because no interface 'JSX.IntrinsicElements' exists.
src/components/schedule/lesson-dialog.tsx(83,22): error TS7026: JSX element implicitly has type 'any' because no interface 'JSX.IntrinsicElements' exists.
src/components/schedule/lesson-dialog.tsx(83,27): error TS7026: JSX element implicitly has type 'any' because no interface 'JSX.IntrinsicElements' exists.
src/components/schedule/lesson-dialog.tsx(83,106): error TS7026: JSX element implicitly has type 'any' because no interface 'JSX.IntrinsicElements' exists.
src/components/schedule/lesson-dialog.tsx(84,28): error TS7026: JSX element implicitly has type 'any' because no interface 'JSX.IntrinsicElements' exists.
src/components/schedule/lesson-dialog.tsx(84,39): error TS7026: JSX element implicitly has type 'any' because no interface 'JSX.IntrinsicElements' exists.
src/components/schedule/lesson-dialog.tsx(84,44): error TS7026: JSX element implicitly has type 'any' because no interface 'JSX.IntrinsicElements' exists.
src/components/schedule/lesson-dialog.tsx(84,140): error TS7026: JSX element implicitly has type 'any' because no interface 'JSX.IntrinsicElements' exists.
src/components/schedule/lesson-dialog.tsx(85,7): error TS7026: JSX element implicitly has type 'any' because no interface 'JSX.IntrinsicElements' exists.
src/components/schedule/lesson-dialog.tsx(85,15): error TS7026: JSX element implicitly has type 'any' because no interface 'JSX.IntrinsicElements' exists.
src/components/schedule/lesson-dialog.tsx(85,56): error TS7006: Parameter 'event' implicitly has an 'any' type.
src/components/schedule/lesson-dialog.tsx(85,594): error TS7006: Parameter 'event' implicitly has an 'any' type.
src/components/schedule/lesson-dialog.tsx(86,9): error TS7026: JSX element implicitly has type 'any' because no interface 'JSX.IntrinsicElements' exists.
src/components/schedule/lesson-dialog.tsx(87,11): error TS7026: JSX element implicitly has type 'any' because no interface 'JSX.IntrinsicElements' exists.
src/components/schedule/lesson-dialog.tsx(87,65): error TS7026: JSX element implicitly has type 'any' because no interface 'JSX.IntrinsicElements' exists.
src/components/schedule/lesson-dialog.tsx(88,79): error TS7026: JSX element implicitly has type 'any' because no interface 'JSX.IntrinsicElements' exists.
src/components/schedule/lesson-dialog.tsx(88,151): error TS7026: JSX element implicitly has type 'any' because no interface 'JSX.IntrinsicElements' exists.
src/components/schedule/lesson-dialog.tsx(89,37): error TS7026: JSX element implicitly has type 'any' because no interface 'JSX.IntrinsicElements' exists.
src/components/schedule/lesson-dialog.tsx(89,77): error TS7026: JSX element implicitly has type 'any' because no interface 'JSX.IntrinsicElements' exists.
src/components/schedule/lesson-dialog.tsx(90,40): error TS7026: JSX element implicitly has type 'any' because no interface 'JSX.IntrinsicElements' exists.
src/components/schedule/lesson-dialog.tsx(91,9): error TS7026: JSX element implicitly has type 'any' because no interface 'JSX.IntrinsicElements' exists.
src/components/schedule/lesson-dialog.tsx(92,11): error TS7026: JSX element implicitly has type 'any' because no interface 'JSX.IntrinsicElements' exists.
src/components/schedule/lesson-dialog.tsx(92,193): error TS7026: JSX element implicitly has type 'any' because no interface 'JSX.IntrinsicElements' exists.
src/components/schedule/lesson-dialog.tsx(92,246): error TS7026: JSX element implicitly has type 'any' because no interface 'JSX.IntrinsicElements' exists.
src/components/schedule/lesson-dialog.tsx(92,281): error TS7026: JSX element implicitly has type 'any' because no interface 'JSX.IntrinsicElements' exists.
src/components/schedule/lesson-dialog.tsx(93,11): error TS7026: JSX element implicitly has type 'any' because no interface 'JSX.IntrinsicElements' exists.
src/components/schedule/lesson-dialog.tsx(93,24): error TS7026: JSX element implicitly has type 'any' because no interface 'JSX.IntrinsicElements' exists.
src/components/schedule/lesson-dialog.tsx(93,136): error TS7026: JSX element implicitly has type 'any' because no interface 'JSX.IntrinsicElements' exists.
src/components/schedule/lesson-dialog.tsx(94,9): error TS7026: JSX element implicitly has type 'any' because no interface 'JSX.IntrinsicElements' exists.
src/components/schedule/lesson-dialog.tsx(95,9): error TS7026: JSX element implicitly has type 'any' because no interface 'JSX.IntrinsicElements' exists.
src/components/schedule/lesson-dialog.tsx(95,33): error TS7026: JSX element implicitly has type 'any' because no interface 'JSX.IntrinsicElements' exists.
src/components/schedule/lesson-dialog.tsx(95,231): error TS7026: JSX element implicitly has type 'any' because no interface 'JSX.IntrinsicElements' exists.
src/components/schedule/lesson-dialog.tsx(96,9): error TS7026: JSX element implicitly has type 'any' because no interface 'JSX.IntrinsicElements' exists.
src/components/schedule/lesson-dialog.tsx(97,11): error TS7026: JSX element implicitly has type 'any' because no interface 'JSX.IntrinsicElements' exists.
src/components/schedule/lesson-dialog.tsx(97,65): error TS7026: JSX element implicitly has type 'any' because no interface 'JSX.IntrinsicElements' exists.
src/components/schedule/lesson-dialog.tsx(98,24): error TS7026: JSX element implicitly has type 'any' because no interface 'JSX.IntrinsicElements' exists.
src/components/schedule/lesson-dialog.tsx(98,120): error TS7026: JSX element implicitly has type 'any' because no interface 'JSX.IntrinsicElements' exists.
src/components/schedule/lesson-dialog.tsx(99,36): error TS7026: JSX element implicitly has type 'any' because no interface 'JSX.IntrinsicElements' exists.
src/components/schedule/lesson-dialog.tsx(99,76): error TS7026: JSX element implicitly has type 'any' because no interface 'JSX.IntrinsicElements' exists.
src/components/schedule/lesson-dialog.tsx(100,38): error TS7026: JSX element implicitly has type 'any' because no interface 'JSX.IntrinsicElements' exists.
src/components/schedule/lesson-dialog.tsx(101,9): error TS7026: JSX element implicitly has type 'any' because no interface 'JSX.IntrinsicElements' exists.
src/components/schedule/lesson-dialog.tsx(101,23): error TS7026: JSX element implicitly has type 'any' because no interface 'JSX.IntrinsicElements' exists.
src/components/schedule/lesson-dialog.tsx(101,193): error TS7006: Parameter 'event' implicitly has an 'any' type.
src/components/schedule/lesson-dialog.tsx(101,258): error TS7026: JSX element implicitly has type 'any' because no interface 'JSX.IntrinsicElements' exists.
src/components/schedule/lesson-dialog.tsx(102,21): error TS7026: JSX element implicitly has type 'any' because no interface 'JSX.IntrinsicElements' exists.
src/components/schedule/lesson-dialog.tsx(102,55): error TS7026: JSX element implicitly has type 'any' because no interface 'JSX.IntrinsicElements' exists.
src/components/schedule/lesson-dialog.tsx(103,46): error TS7026: JSX element implicitly has type 'any' because no interface 'JSX.IntrinsicElements' exists.
src/components/schedule/lesson-dialog.tsx(103,123): error TS7026: JSX element implicitly has type 'any' because no interface 'JSX.IntrinsicElements' exists.
src/components/schedule/lesson-dialog.tsx(104,46): error TS7026: JSX element implicitly has type 'any' because no interface 'JSX.IntrinsicElements' exists.
src/components/schedule/lesson-dialog.tsx(104,125): error TS7026: JSX element implicitly has type 'any' because no interface 'JSX.IntrinsicElements' exists.
src/components/schedule/lesson-dialog.tsx(105,9): error TS7026: JSX element implicitly has type 'any' because no interface 'JSX.IntrinsicElements' exists.
src/components/schedule/lesson-dialog.tsx(106,236): error TS7026: JSX element implicitly has type 'any' because no interface 'JSX.IntrinsicElements' exists.
src/components/schedule/lesson-dialog.tsx(107,7): error TS7026: JSX element implicitly has type 'any' because no interface 'JSX.IntrinsicElements' exists.
src/components/schedule/operation-dialog.tsx(2,26): error TS2307: Cannot find module 'react' or its corresponding type declarations.
src/components/schedule/operation-dialog.tsx(18,10): error TS2875: This JSX tag requires the module path 'react/jsx-runtime' to exist, but none could be found. Make sure you have types for the appropriate package installed.
src/components/schedule/operation-dialog.tsx(18,37): error TS7006: Parameter 'open' implicitly has an 'any' type.
src/components/schedule/operation-dialog.tsx(18,99): error TS7006: Parameter 'event' implicitly has an 'any' type.
src/components/schedule/operation-dialog.tsx(21,5): error TS7026: JSX element implicitly has type 'any' because no interface 'JSX.IntrinsicElements' exists.
src/components/schedule/operation-dialog.tsx(21,55): error TS7006: Parameter 'e' implicitly has an 'any' type.
src/components/schedule/operation-dialog.tsx(23,9): error TS7026: JSX element implicitly has type 'any' because no interface 'JSX.IntrinsicElements' exists.
src/components/schedule/operation-dialog.tsx(23,158): error TS7026: JSX element implicitly has type 'any' because no interface 'JSX.IntrinsicElements' exists.
src/components/schedule/operation-dialog.tsx(23,266): error TS7026: JSX element implicitly has type 'any' because no interface 'JSX.IntrinsicElements' exists.
src/components/schedule/operation-dialog.tsx(23,286): error TS7026: JSX element implicitly has type 'any' because no interface 'JSX.IntrinsicElements' exists.
src/components/schedule/operation-dialog.tsx(24,9): error TS7026: JSX element implicitly has type 'any' because no interface 'JSX.IntrinsicElements' exists.
src/components/schedule/operation-dialog.tsx(24,123): error TS7026: JSX element implicitly has type 'any' because no interface 'JSX.IntrinsicElements' exists.
src/components/schedule/operation-dialog.tsx(24,170): error TS7026: JSX element implicitly has type 'any' because no interface 'JSX.IntrinsicElements' exists.
src/components/schedule/operation-dialog.tsx(24,190): error TS7026: JSX element implicitly has type 'any' because no interface 'JSX.IntrinsicElements' exists.
src/components/schedule/operation-dialog.tsx(25,9): error TS7026: JSX element implicitly has type 'any' because no interface 'JSX.IntrinsicElements' exists.
src/components/schedule/operation-dialog.tsx(25,22): error TS7026: JSX element implicitly has type 'any' because no interface 'JSX.IntrinsicElements' exists.
src/components/schedule/operation-dialog.tsx(25,64): error TS7006: Parameter 'e' implicitly has an 'any' type.
src/components/schedule/operation-dialog.tsx(25,197): error TS7026: JSX element implicitly has type 'any' because no interface 'JSX.IntrinsicElements' exists.
src/components/schedule/operation-dialog.tsx(25,265): error TS7026: JSX element implicitly has type 'any' because no interface 'JSX.IntrinsicElements' exists.
src/components/schedule/operation-dialog.tsx(25,273): error TS7026: JSX element implicitly has type 'any' because no interface 'JSX.IntrinsicElements' exists.
src/components/schedule/operation-dialog.tsx(26,28): error TS7026: JSX element implicitly has type 'any' because no interface 'JSX.IntrinsicElements' exists.
src/components/schedule/operation-dialog.tsx(26,57): error TS7026: JSX element implicitly has type 'any' because no interface 'JSX.IntrinsicElements' exists.
src/components/schedule/operation-dialog.tsx(26,105): error TS7006: Parameter 'e' implicitly has an 'any' type.
src/components/schedule/operation-dialog.tsx(26,254): error TS7026: JSX element implicitly has type 'any' because no interface 'JSX.IntrinsicElements' exists.
src/components/schedule/operation-dialog.tsx(26,330): error TS7026: JSX element implicitly has type 'any' because no interface 'JSX.IntrinsicElements' exists.
src/components/schedule/operation-dialog.tsx(26,338): error TS7026: JSX element implicitly has type 'any' because no interface 'JSX.IntrinsicElements' exists.
src/components/schedule/operation-dialog.tsx(27,13): error TS7026: JSX element implicitly has type 'any' because no interface 'JSX.IntrinsicElements' exists.
src/components/schedule/operation-dialog.tsx(27,39): error TS7026: JSX element implicitly has type 'any' because no interface 'JSX.IntrinsicElements' exists.
src/components/schedule/operation-dialog.tsx(27,81): error TS7006: Parameter 'e' implicitly has an 'any' type.
src/components/schedule/operation-dialog.tsx(27,218): error TS7026: JSX element implicitly has type 'any' because no interface 'JSX.IntrinsicElements' exists.
src/components/schedule/operation-dialog.tsx(27,290): error TS7026: JSX element implicitly has type 'any' because no interface 'JSX.IntrinsicElements' exists.
src/components/schedule/operation-dialog.tsx(27,298): error TS7026: JSX element implicitly has type 'any' because no interface 'JSX.IntrinsicElements' exists.
src/components/schedule/operation-dialog.tsx(30,5): error TS7026: JSX element implicitly has type 'any' because no interface 'JSX.IntrinsicElements' exists.
src/components/schedule/toolbar.tsx(3,73): error TS2307: Cannot find module 'lucide-react' or its corresponding type declarations.
src/components/schedule/toolbar.tsx(6,26): error TS2307: Cannot find module 'react' or its corresponding type declarations.
src/components/schedule/toolbar.tsx(34,10): error TS7026: JSX element implicitly has type 'any' because no interface 'JSX.IntrinsicElements' exists.
src/components/schedule/toolbar.tsx(34,10): error TS2875: This JSX tag requires the module path 'react/jsx-runtime' to exist, but none could be found. Make sure you have types for the appropriate package installed.
src/components/schedule/toolbar.tsx(35,5): error TS7026: JSX element implicitly has type 'any' because no interface 'JSX.IntrinsicElements' exists.
src/components/schedule/toolbar.tsx(37,129): error TS7026: JSX element implicitly has type 'any' because no interface 'JSX.IntrinsicElements' exists.
src/components/schedule/toolbar.tsx(37,148): error TS7026: JSX element implicitly has type 'any' because no interface 'JSX.IntrinsicElements' exists.
src/components/schedule/toolbar.tsx(39,146): error TS7026: JSX element implicitly has type 'any' because no interface 'JSX.IntrinsicElements' exists.
src/components/schedule/toolbar.tsx(39,175): error TS7026: JSX element implicitly has type 'any' because no interface 'JSX.IntrinsicElements' exists.
src/components/schedule/toolbar.tsx(40,127): error TS7026: JSX element implicitly has type 'any' because no interface 'JSX.IntrinsicElements' exists.
src/components/schedule/toolbar.tsx(40,196): error TS7026: JSX element implicitly has type 'any' because no interface 'JSX.IntrinsicElements' exists.
src/components/schedule/toolbar.tsx(41,5): error TS7026: JSX element implicitly has type 'any' because no interface 'JSX.IntrinsicElements' exists.
src/components/schedule/toolbar.tsx(42,5): error TS7026: JSX element implicitly has type 'any' because no interface 'JSX.IntrinsicElements' exists.
src/components/schedule/toolbar.tsx(43,167): error TS7026: JSX element implicitly has type 'any' because no interface 'JSX.IntrinsicElements' exists.
src/components/schedule/toolbar.tsx(43,237): error TS7026: JSX element implicitly has type 'any' because no interface 'JSX.IntrinsicElements' exists.
src/components/schedule/toolbar.tsx(47,5): error TS7026: JSX element implicitly has type 'any' because no interface 'JSX.IntrinsicElements' exists.
src/components/schedule/toolbar.tsx(48,18): error TS7026: JSX element implicitly has type 'any' because no interface 'JSX.IntrinsicElements' exists.
src/components/schedule/toolbar.tsx(59,5): error TS7026: JSX element implicitly has type 'any' because no interface 'JSX.IntrinsicElements' exists.
src/components/schedule/toolbar.tsx(60,3): error TS7026: JSX element implicitly has type 'any' because no interface 'JSX.IntrinsicElements' exists.
src/components/settings/telegram-sync-form.tsx(2,34): error TS2307: Cannot find module 'react' or its corresponding type declarations.
src/components/settings/telegram-sync-form.tsx(20,10): error TS7026: JSX element implicitly has type 'any' because no interface 'JSX.IntrinsicElements' exists.
src/components/settings/telegram-sync-form.tsx(20,10): error TS2875: This JSX tag requires the module path 'react/jsx-runtime' to exist, but none could be found. Make sure you have types for the appropriate package installed.
src/components/settings/telegram-sync-form.tsx(20,139): error TS7026: JSX element implicitly has type 'any' because no interface 'JSX.IntrinsicElements' exists.
src/components/settings/telegram-sync-form.tsx(20,182): error TS7026: JSX element implicitly has type 'any' because no interface 'JSX.IntrinsicElements' exists.
src/components/settings/telegram-sync-form.tsx(20,186): error TS7026: JSX element implicitly has type 'any' because no interface 'JSX.IntrinsicElements' exists.
src/components/shared/brand.tsx(1,18): error TS2307: Cannot find module 'next/link' or its corresponding type declarations.
src/components/shared/brand.tsx(4,5): error TS2875: This JSX tag requires the module path 'react/jsx-runtime' to exist, but none could be found. Make sure you have types for the appropriate package installed.
src/components/shared/brand.tsx(5,7): error TS7026: JSX element implicitly has type 'any' because no interface 'JSX.IntrinsicElements' exists.
src/components/shared/brand.tsx(6,9): error TS7026: JSX element implicitly has type 'any' because no interface 'JSX.IntrinsicElements' exists.
src/components/shared/brand.tsx(6,88): error TS7026: JSX element implicitly has type 'any' because no interface 'JSX.IntrinsicElements' exists.
src/components/shared/brand.tsx(6,224): error TS7026: JSX element implicitly has type 'any' because no interface 'JSX.IntrinsicElements' exists.
src/components/shared/brand.tsx(7,7): error TS7026: JSX element implicitly has type 'any' because no interface 'JSX.IntrinsicElements' exists.
src/components/shared/brand.tsx(8,7): error TS7026: JSX element implicitly has type 'any' because no interface 'JSX.IntrinsicElements' exists.
src/components/shared/brand.tsx(9,14): error TS7026: JSX element implicitly has type 'any' because no interface 'JSX.IntrinsicElements' exists.
src/components/shared/brand.tsx(9,48): error TS7026: JSX element implicitly has type 'any' because no interface 'JSX.IntrinsicElements' exists.
src/components/shared/brand.tsx(10,9): error TS7026: JSX element implicitly has type 'any' because no interface 'JSX.IntrinsicElements' exists.
src/components/shared/brand.tsx(10,38): error TS7026: JSX element implicitly has type 'any' because no interface 'JSX.IntrinsicElements' exists.
src/components/shared/brand.tsx(11,7): error TS7026: JSX element implicitly has type 'any' because no interface 'JSX.IntrinsicElements' exists.
src/components/shared/empty-state.tsx(6,8): error TS2307: Cannot find module 'lucide-react' or its corresponding type declarations.
src/components/shared/empty-state.tsx(26,5): error TS7026: JSX element implicitly has type 'any' because no interface 'JSX.IntrinsicElements' exists.
src/components/shared/empty-state.tsx(26,5): error TS2875: This JSX tag requires the module path 'react/jsx-runtime' to exist, but none could be found. Make sure you have types for the appropriate package installed.
src/components/shared/empty-state.tsx(27,7): error TS7026: JSX element implicitly has type 'any' because no interface 'JSX.IntrinsicElements' exists.
src/components/shared/empty-state.tsx(29,7): error TS7026: JSX element implicitly has type 'any' because no interface 'JSX.IntrinsicElements' exists.
src/components/shared/empty-state.tsx(30,17): error TS7026: JSX element implicitly has type 'any' because no interface 'JSX.IntrinsicElements' exists.
src/components/shared/empty-state.tsx(30,61): error TS7026: JSX element implicitly has type 'any' because no interface 'JSX.IntrinsicElements' exists.
src/components/shared/empty-state.tsx(31,7): error TS7026: JSX element implicitly has type 'any' because no interface 'JSX.IntrinsicElements' exists.
src/components/shared/empty-state.tsx(31,18): error TS7026: JSX element implicitly has type 'any' because no interface 'JSX.IntrinsicElements' exists.
src/components/shared/empty-state.tsx(32,23): error TS7026: JSX element implicitly has type 'any' because no interface 'JSX.IntrinsicElements' exists.
src/components/shared/empty-state.tsx(32,39): error TS7026: JSX element implicitly has type 'any' because no interface 'JSX.IntrinsicElements' exists.
src/components/shared/empty-state.tsx(33,5): error TS7026: JSX element implicitly has type 'any' because no interface 'JSX.IntrinsicElements' exists.
src/components/shared/loading.tsx(3,5): error TS7026: JSX element implicitly has type 'any' because no interface 'JSX.IntrinsicElements' exists.
src/components/shared/loading.tsx(3,5): error TS2875: This JSX tag requires the module path 'react/jsx-runtime' to exist, but none could be found. Make sure you have types for the appropriate package installed.
src/components/shared/loading.tsx(4,7): error TS7026: JSX element implicitly has type 'any' because no interface 'JSX.IntrinsicElements' exists.
src/components/shared/loading.tsx(5,7): error TS7026: JSX element implicitly has type 'any' because no interface 'JSX.IntrinsicElements' exists.
src/components/shared/loading.tsx(6,7): error TS7026: JSX element implicitly has type 'any' because no interface 'JSX.IntrinsicElements' exists.
src/components/shared/loading.tsx(7,5): error TS7026: JSX element implicitly has type 'any' because no interface 'JSX.IntrinsicElements' exists.
src/components/shared/page-heading.tsx(11,5): error TS7026: JSX element implicitly has type 'any' because no interface 'JSX.IntrinsicElements' exists.
src/components/shared/page-heading.tsx(11,5): error TS2875: This JSX tag requires the module path 'react/jsx-runtime' to exist, but none could be found. Make sure you have types for the appropriate package installed.
src/components/shared/page-heading.tsx(12,7): error TS7026: JSX element implicitly has type 'any' because no interface 'JSX.IntrinsicElements' exists.
src/components/shared/page-heading.tsx(13,9): error TS7026: JSX element implicitly has type 'any' because no interface 'JSX.IntrinsicElements' exists.
src/components/shared/page-heading.tsx(15,35): error TS7026: JSX element implicitly has type 'any' because no interface 'JSX.IntrinsicElements' exists.
src/components/shared/page-heading.tsx(15,72): error TS7026: JSX element implicitly has type 'any' because no interface 'JSX.IntrinsicElements' exists.
src/components/shared/page-heading.tsx(16,9): error TS7026: JSX element implicitly has type 'any' because no interface 'JSX.IntrinsicElements' exists.
src/components/shared/page-heading.tsx(17,9): error TS7026: JSX element implicitly has type 'any' because no interface 'JSX.IntrinsicElements' exists.
src/components/shared/page-heading.tsx(17,25): error TS7026: JSX element implicitly has type 'any' because no interface 'JSX.IntrinsicElements' exists.
src/components/shared/page-heading.tsx(18,7): error TS7026: JSX element implicitly has type 'any' because no interface 'JSX.IntrinsicElements' exists.
src/components/shared/page-heading.tsx(19,5): error TS7026: JSX element implicitly has type 'any' because no interface 'JSX.IntrinsicElements' exists.
src/components/shared/token-page.tsx(1,18): error TS2307: Cannot find module 'next/link' or its corresponding type declarations.
src/components/shared/token-page.tsx(2,26): error TS2307: Cannot find module 'lucide-react' or its corresponding type declarations.
src/components/shared/token-page.tsx(27,7): error TS7026: JSX element implicitly has type 'any' because no interface 'JSX.IntrinsicElements' exists.
src/components/shared/token-page.tsx(27,7): error TS2875: This JSX tag requires the module path 'react/jsx-runtime' to exist, but none could be found. Make sure you have types for the appropriate package installed.
src/components/shared/token-page.tsx(28,9): error TS7026: JSX element implicitly has type 'any' because no interface 'JSX.IntrinsicElements' exists.
src/components/shared/token-page.tsx(29,11): error TS7026: JSX element implicitly has type 'any' because no interface 'JSX.IntrinsicElements' exists.
src/components/shared/token-page.tsx(31,11): error TS7026: JSX element implicitly has type 'any' because no interface 'JSX.IntrinsicElements' exists.
src/components/shared/token-page.tsx(32,11): error TS7026: JSX element implicitly has type 'any' because no interface 'JSX.IntrinsicElements' exists.
src/components/shared/token-page.tsx(40,11): error TS7026: JSX element implicitly has type 'any' because no interface 'JSX.IntrinsicElements' exists.
src/components/shared/token-page.tsx(41,11): error TS7026: JSX element implicitly has type 'any' because no interface 'JSX.IntrinsicElements' exists.
src/components/shared/token-page.tsx(45,11): error TS7026: JSX element implicitly has type 'any' because no interface 'JSX.IntrinsicElements' exists.
src/components/shared/token-page.tsx(46,9): error TS7026: JSX element implicitly has type 'any' because no interface 'JSX.IntrinsicElements' exists.
src/components/shared/token-page.tsx(52,7): error TS7026: JSX element implicitly has type 'any' because no interface 'JSX.IntrinsicElements' exists.
src/components/shared/token-page.tsx(55,5): error TS7026: JSX element implicitly has type 'any' because no interface 'JSX.IntrinsicElements' exists.
src/components/shared/token-page.tsx(57,7): error TS7026: JSX element implicitly has type 'any' because no interface 'JSX.IntrinsicElements' exists.
src/components/shared/token-page.tsx(58,9): error TS7026: JSX element implicitly has type 'any' because no interface 'JSX.IntrinsicElements' exists.
src/components/shared/token-page.tsx(60,9): error TS7026: JSX element implicitly has type 'any' because no interface 'JSX.IntrinsicElements' exists.
src/components/shared/token-page.tsx(61,9): error TS7026: JSX element implicitly has type 'any' because no interface 'JSX.IntrinsicElements' exists.
src/components/shared/token-page.tsx(61,72): error TS7026: JSX element implicitly has type 'any' because no interface 'JSX.IntrinsicElements' exists.
src/components/shared/token-page.tsx(62,9): error TS7026: JSX element implicitly has type 'any' because no interface 'JSX.IntrinsicElements' exists.
src/components/shared/token-page.tsx(66,9): error TS7026: JSX element implicitly has type 'any' because no interface 'JSX.IntrinsicElements' exists.
src/components/shared/token-page.tsx(67,7): error TS7026: JSX element implicitly has type 'any' because no interface 'JSX.IntrinsicElements' exists.
src/components/shared/token-page.tsx(69,5): error TS7026: JSX element implicitly has type 'any' because no interface 'JSX.IntrinsicElements' exists.
src/components/shared/use-auto-filters.ts(2,60): error TS2307: Cannot find module 'react' or its corresponding type declarations.
src/components/shared/use-auto-filters.ts(3,57): error TS2307: Cannot find module 'next/navigation' or its corresponding type declarations.
src/components/statistics/statistics-view.tsx(3,40): error TS2307: Cannot find module 'react' or its corresponding type declarations.
src/components/statistics/statistics-view.tsx(14,8): error TS2307: Cannot find module 'recharts' or its corresponding type declarations.
src/components/statistics/statistics-view.tsx(21,8): error TS2307: Cannot find module 'lucide-react' or its corresponding type declarations.
src/components/statistics/statistics-view.tsx(57,5): error TS7026: JSX element implicitly has type 'any' because no interface 'JSX.IntrinsicElements' exists.
src/components/statistics/statistics-view.tsx(57,5): error TS2875: This JSX tag requires the module path 'react/jsx-runtime' to exist, but none could be found. Make sure you have types for the appropriate package installed.
src/components/statistics/statistics-view.tsx(58,7): error TS7026: JSX element implicitly has type 'any' because no interface 'JSX.IntrinsicElements' exists.
src/components/statistics/statistics-view.tsx(59,9): error TS7026: JSX element implicitly has type 'any' because no interface 'JSX.IntrinsicElements' exists.
src/components/statistics/statistics-view.tsx(61,13): error TS7026: JSX element implicitly has type 'any' because no interface 'JSX.IntrinsicElements' exists.
src/components/statistics/statistics-view.tsx(62,15): error TS7026: JSX element implicitly has type 'any' because no interface 'JSX.IntrinsicElements' exists.
src/components/statistics/statistics-view.tsx(69,15): error TS7026: JSX element implicitly has type 'any' because no interface 'JSX.IntrinsicElements' exists.
src/components/statistics/statistics-view.tsx(69,29): error TS7026: JSX element implicitly has type 'any' because no interface 'JSX.IntrinsicElements' exists.
src/components/statistics/statistics-view.tsx(70,13): error TS7026: JSX element implicitly has type 'any' because no interface 'JSX.IntrinsicElements' exists.
src/components/statistics/statistics-view.tsx(72,11): error TS7026: JSX element implicitly has type 'any' because no interface 'JSX.IntrinsicElements' exists.
src/components/statistics/statistics-view.tsx(73,13): error TS7026: JSX element implicitly has type 'any' because no interface 'JSX.IntrinsicElements' exists.
src/components/statistics/statistics-view.tsx(80,13): error TS7026: JSX element implicitly has type 'any' because no interface 'JSX.IntrinsicElements' exists.
src/components/statistics/statistics-view.tsx(83,13): error TS7026: JSX element implicitly has type 'any' because no interface 'JSX.IntrinsicElements' exists.
src/components/statistics/statistics-view.tsx(84,11): error TS7026: JSX element implicitly has type 'any' because no interface 'JSX.IntrinsicElements' exists.
src/components/statistics/statistics-view.tsx(85,9): error TS7026: JSX element implicitly has type 'any' because no interface 'JSX.IntrinsicElements' exists.
src/components/statistics/statistics-view.tsx(93,13): error TS7026: JSX element implicitly has type 'any' because no interface 'JSX.IntrinsicElements' exists.
src/components/statistics/statistics-view.tsx(93,46): error TS7026: JSX element implicitly has type 'any' because no interface 'JSX.IntrinsicElements' exists.
src/components/statistics/statistics-view.tsx(95,15): error TS7026: JSX element implicitly has type 'any' because no interface 'JSX.IntrinsicElements' exists.
src/components/statistics/statistics-view.tsx(97,15): error TS7026: JSX element implicitly has type 'any' because no interface 'JSX.IntrinsicElements' exists.
src/components/statistics/statistics-view.tsx(105,45): error TS2322: Type 'string' is not assignable to type 'StatisticsMetric | undefined'.
src/components/statistics/statistics-view.tsx(108,13): error TS7026: JSX element implicitly has type 'any' because no interface 'JSX.IntrinsicElements' exists.
src/components/statistics/statistics-view.tsx(110,13): error TS7026: JSX element implicitly has type 'any' because no interface 'JSX.IntrinsicElements' exists.
src/components/statistics/statistics-view.tsx(114,11): error TS7026: JSX element implicitly has type 'any' because no interface 'JSX.IntrinsicElements' exists.
src/components/statistics/statistics-view.tsx(115,13): error TS7026: JSX element implicitly has type 'any' because no interface 'JSX.IntrinsicElements' exists.
src/components/statistics/statistics-view.tsx(117,15): error TS7026: JSX element implicitly has type 'any' because no interface 'JSX.IntrinsicElements' exists.
src/components/statistics/statistics-view.tsx(123,27): error TS7006: Parameter 'event' implicitly has an 'any' type.
src/components/statistics/statistics-view.tsx(126,13): error TS7026: JSX element implicitly has type 'any' because no interface 'JSX.IntrinsicElements' exists.
src/components/statistics/statistics-view.tsx(127,13): error TS7026: JSX element implicitly has type 'any' because no interface 'JSX.IntrinsicElements' exists.
src/components/statistics/statistics-view.tsx(127,20): error TS7026: JSX element implicitly has type 'any' because no interface 'JSX.IntrinsicElements' exists.
src/components/statistics/statistics-view.tsx(128,13): error TS7026: JSX element implicitly has type 'any' because no interface 'JSX.IntrinsicElements' exists.
src/components/statistics/statistics-view.tsx(130,15): error TS7026: JSX element implicitly has type 'any' because no interface 'JSX.IntrinsicElements' exists.
src/components/statistics/statistics-view.tsx(136,27): error TS7006: Parameter 'event' implicitly has an 'any' type.
src/components/statistics/statistics-view.tsx(139,13): error TS7026: JSX element implicitly has type 'any' because no interface 'JSX.IntrinsicElements' exists.
src/components/statistics/statistics-view.tsx(140,11): error TS7026: JSX element implicitly has type 'any' because no interface 'JSX.IntrinsicElements' exists.
src/components/statistics/statistics-view.tsx(142,7): error TS7026: JSX element implicitly has type 'any' because no interface 'JSX.IntrinsicElements' exists.
src/components/statistics/statistics-view.tsx(143,24): error TS7026: JSX element implicitly has type 'any' because no interface 'JSX.IntrinsicElements' exists.
src/components/statistics/statistics-view.tsx(143,148): error TS7026: JSX element implicitly has type 'any' because no interface 'JSX.IntrinsicElements' exists.
src/components/statistics/statistics-view.tsx(144,7): error TS7026: JSX element implicitly has type 'any' because no interface 'JSX.IntrinsicElements' exists.
src/components/statistics/statistics-view.tsx(146,11): error TS7026: JSX element implicitly has type 'any' because no interface 'JSX.IntrinsicElements' exists.
src/components/statistics/statistics-view.tsx(150,13): error TS7026: JSX element implicitly has type 'any' because no interface 'JSX.IntrinsicElements' exists.
src/components/statistics/statistics-view.tsx(151,15): error TS7026: JSX element implicitly has type 'any' because no interface 'JSX.IntrinsicElements' exists.
src/components/statistics/statistics-view.tsx(151,28): error TS7026: JSX element implicitly has type 'any' because no interface 'JSX.IntrinsicElements' exists.
src/components/statistics/statistics-view.tsx(153,13): error TS7026: JSX element implicitly has type 'any' because no interface 'JSX.IntrinsicElements' exists.
src/components/statistics/statistics-view.tsx(154,13): error TS7026: JSX element implicitly has type 'any' because no interface 'JSX.IntrinsicElements' exists.
src/components/statistics/statistics-view.tsx(156,15): error TS7026: JSX element implicitly has type 'any' because no interface 'JSX.IntrinsicElements' exists.
src/components/statistics/statistics-view.tsx(156,27): error TS7026: JSX element implicitly has type 'any' because no interface 'JSX.IntrinsicElements' exists.
src/components/statistics/statistics-view.tsx(157,13): error TS7026: JSX element implicitly has type 'any' because no interface 'JSX.IntrinsicElements' exists.
src/components/statistics/statistics-view.tsx(158,13): error TS7026: JSX element implicitly has type 'any' because no interface 'JSX.IntrinsicElements' exists.
src/components/statistics/statistics-view.tsx(158,39): error TS7026: JSX element implicitly has type 'any' because no interface 'JSX.IntrinsicElements' exists.
src/components/statistics/statistics-view.tsx(159,11): error TS7026: JSX element implicitly has type 'any' because no interface 'JSX.IntrinsicElements' exists.
src/components/statistics/statistics-view.tsx(161,7): error TS7026: JSX element implicitly has type 'any' because no interface 'JSX.IntrinsicElements' exists.
src/components/statistics/statistics-view.tsx(162,7): error TS7026: JSX element implicitly has type 'any' because no interface 'JSX.IntrinsicElements' exists.
src/components/statistics/statistics-view.tsx(163,9): error TS7026: JSX element implicitly has type 'any' because no interface 'JSX.IntrinsicElements' exists.
src/components/statistics/statistics-view.tsx(164,11): error TS7026: JSX element implicitly has type 'any' because no interface 'JSX.IntrinsicElements' exists.
src/components/statistics/statistics-view.tsx(165,13): error TS7026: JSX element implicitly has type 'any' because no interface 'JSX.IntrinsicElements' exists.
src/components/statistics/statistics-view.tsx(165,31): error TS7026: JSX element implicitly has type 'any' because no interface 'JSX.IntrinsicElements' exists.
src/components/statistics/statistics-view.tsx(166,13): error TS7026: JSX element implicitly has type 'any' because no interface 'JSX.IntrinsicElements' exists.
src/components/statistics/statistics-view.tsx(169,13): error TS7026: JSX element implicitly has type 'any' because no interface 'JSX.IntrinsicElements' exists.
src/components/statistics/statistics-view.tsx(170,11): error TS7026: JSX element implicitly has type 'any' because no interface 'JSX.IntrinsicElements' exists.
src/components/statistics/statistics-view.tsx(171,11): error TS7026: JSX element implicitly has type 'any' because no interface 'JSX.IntrinsicElements' exists.
src/components/statistics/statistics-view.tsx(172,13): error TS7026: JSX element implicitly has type 'any' because no interface 'JSX.IntrinsicElements' exists.
src/components/statistics/statistics-view.tsx(174,11): error TS7026: JSX element implicitly has type 'any' because no interface 'JSX.IntrinsicElements' exists.
src/components/statistics/statistics-view.tsx(175,9): error TS7026: JSX element implicitly has type 'any' because no interface 'JSX.IntrinsicElements' exists.
src/components/statistics/statistics-view.tsx(176,9): error TS7026: JSX element implicitly has type 'any' because no interface 'JSX.IntrinsicElements' exists.
src/components/statistics/statistics-view.tsx(202,29): error TS7006: Parameter 'value' implicitly has an 'any' type.
src/components/statistics/statistics-view.tsx(215,13): error TS7026: JSX element implicitly has type 'any' because no interface 'JSX.IntrinsicElements' exists.
src/components/statistics/statistics-view.tsx(216,15): error TS7026: JSX element implicitly has type 'any' because no interface 'JSX.IntrinsicElements' exists.
src/components/statistics/statistics-view.tsx(218,15): error TS7026: JSX element implicitly has type 'any' because no interface 'JSX.IntrinsicElements' exists.
src/components/statistics/statistics-view.tsx(219,15): error TS7026: JSX element implicitly has type 'any' because no interface 'JSX.IntrinsicElements' exists.
src/components/statistics/statistics-view.tsx(219,49): error TS7026: JSX element implicitly has type 'any' because no interface 'JSX.IntrinsicElements' exists.
src/components/statistics/statistics-view.tsx(220,15): error TS7026: JSX element implicitly has type 'any' because no interface 'JSX.IntrinsicElements' exists.
src/components/statistics/statistics-view.tsx(220,60): error TS7026: JSX element implicitly has type 'any' because no interface 'JSX.IntrinsicElements' exists.
src/components/statistics/statistics-view.tsx(221,13): error TS7026: JSX element implicitly has type 'any' because no interface 'JSX.IntrinsicElements' exists.
src/components/statistics/statistics-view.tsx(223,9): error TS7026: JSX element implicitly has type 'any' because no interface 'JSX.IntrinsicElements' exists.
src/components/statistics/statistics-view.tsx(224,7): error TS7026: JSX element implicitly has type 'any' because no interface 'JSX.IntrinsicElements' exists.
src/components/statistics/statistics-view.tsx(225,5): error TS7026: JSX element implicitly has type 'any' because no interface 'JSX.IntrinsicElements' exists.
src/components/ui/button.tsx(1,24): error TS2307: Cannot find module 'react' or its corresponding type declarations.
src/components/ui/button.tsx(2,25): error TS2307: Cannot find module 'lucide-react' or its corresponding type declarations.
src/components/ui/button.tsx(3,22): error TS2307: Cannot find module '@radix-ui/react-slot' or its corresponding type declarations.
src/components/ui/button.tsx(4,40): error TS2307: Cannot find module 'class-variance-authority' or its corresponding type declarations.
src/components/ui/button.tsx(32,23): error TS2875: This JSX tag requires the module path 'react/jsx-runtime' to exist, but none could be found. Make sure you have types for the appropriate package installed.
src/components/ui/button.tsx(34,5): error TS7026: JSX element implicitly has type 'any' because no interface 'JSX.IntrinsicElements' exists.
src/components/ui/button.tsx(41,5): error TS7026: JSX element implicitly has type 'any' because no interface 'JSX.IntrinsicElements' exists.
src/components/ui/combobox.tsx(3,55): error TS2875: This JSX tag requires the module path 'react/jsx-runtime' to exist, but none could be found. Make sure you have types for the appropriate package installed.
src/components/ui/dialog.tsx(2,24): error TS2307: Cannot find module 'react' or its corresponding type declarations.
src/components/ui/dialog.tsx(3,34): error TS2307: Cannot find module '@radix-ui/react-dialog' or its corresponding type declarations.
src/components/ui/dialog.tsx(4,19): error TS2307: Cannot find module 'lucide-react' or its corresponding type declarations.
src/components/ui/dialog.tsx(18,5): error TS2875: This JSX tag requires the module path 'react/jsx-runtime' to exist, but none could be found. Make sure you have types for the appropriate package installed.
src/components/ui/dialog.tsx(23,27): error TS7006: Parameter 'event' implicitly has an 'any' type.
src/components/ui/select.tsx(2,160): error TS2307: Cannot find module 'react' or its corresponding type declarations.
src/components/ui/select.tsx(4,30): error TS2307: Cannot find module 'react-dom' or its corresponding type declarations.
src/components/ui/select.tsx(5,44): error TS2307: Cannot find module 'lucide-react' or its corresponding type declarations.
src/components/ui/select.tsx(9,37): error TS7006: Parameter 'n' implicitly has an 'any' type.
src/components/ui/select.tsx(12,45): error TS7006: Parameter 'n' implicitly has an 'any' type.
src/components/ui/select.tsx(60,24): error TS2503: Cannot find namespace 'React'.
src/components/ui/select.tsx(83,10): error TS7026: JSX element implicitly has type 'any' because no interface 'JSX.IntrinsicElements' exists.
src/components/ui/select.tsx(83,10): error TS2875: This JSX tag requires the module path 'react/jsx-runtime' to exist, but none could be found. Make sure you have types for the appropriate package installed.
src/components/ui/select.tsx(84,14): error TS7026: JSX element implicitly has type 'any' because no interface 'JSX.IntrinsicElements' exists.
src/components/ui/select.tsx(85,5): error TS7026: JSX element implicitly has type 'any' because no interface 'JSX.IntrinsicElements' exists.
src/components/ui/select.tsx(90,7): error TS7026: JSX element implicitly has type 'any' because no interface 'JSX.IntrinsicElements' exists.
src/components/ui/select.tsx(90,73): error TS7026: JSX element implicitly has type 'any' because no interface 'JSX.IntrinsicElements' exists.
src/components/ui/select.tsx(91,5): error TS7026: JSX element implicitly has type 'any' because no interface 'JSX.IntrinsicElements' exists.
src/components/ui/select.tsx(92,53): error TS7026: JSX element implicitly has type 'any' because no interface 'JSX.IntrinsicElements' exists.
src/components/ui/select.tsx(93,22): error TS7026: JSX element implicitly has type 'any' because no interface 'JSX.IntrinsicElements' exists.
src/components/ui/select.tsx(93,88): error TS7026: JSX element implicitly has type 'any' because no interface 'JSX.IntrinsicElements' exists.
src/components/ui/select.tsx(93,241): error TS7006: Parameter 'e' implicitly has an 'any' type.
src/components/ui/select.tsx(93,393): error TS7026: JSX element implicitly has type 'any' because no interface 'JSX.IntrinsicElements' exists.
src/components/ui/select.tsx(94,7): error TS7026: JSX element implicitly has type 'any' because no interface 'JSX.IntrinsicElements' exists.
src/components/ui/select.tsx(95,51): error TS7026: JSX element implicitly has type 'any' because no interface 'JSX.IntrinsicElements' exists.
src/components/ui/select.tsx(95,327): error TS7006: Parameter 'e' implicitly has an 'any' type.
src/components/ui/select.tsx(95,378): error TS7026: JSX element implicitly has type 'any' because no interface 'JSX.IntrinsicElements' exists.
src/components/ui/select.tsx(95,393): error TS7026: JSX element implicitly has type 'any' because no interface 'JSX.IntrinsicElements' exists.
src/components/ui/select.tsx(95,457): error TS7026: JSX element implicitly has type 'any' because no interface 'JSX.IntrinsicElements' exists.
src/components/ui/select.tsx(95,467): error TS7026: JSX element implicitly has type 'any' because no interface 'JSX.IntrinsicElements' exists.
src/components/ui/select.tsx(95,515): error TS7026: JSX element implicitly has type 'any' because no interface 'JSX.IntrinsicElements' exists.
src/components/ui/select.tsx(96,7): error TS7026: JSX element implicitly has type 'any' because no interface 'JSX.IntrinsicElements' exists.
src/components/ui/select.tsx(97,5): error TS7026: JSX element implicitly has type 'any' because no interface 'JSX.IntrinsicElements' exists.
src/components/ui/select.tsx(98,3): error TS7026: JSX element implicitly has type 'any' because no interface 'JSX.IntrinsicElements' exists.
src/components/ui/toaster.tsx(2,37): error TS2307: Cannot find module 'react' or its corresponding type declarations.
src/components/ui/toaster.tsx(3,51): error TS2307: Cannot find module 'lucide-react' or its corresponding type declarations.
src/components/ui/toaster.tsx(25,18): error TS7006: Parameter 'old' implicitly has an 'any' type.
src/components/ui/toaster.tsx(25,40): error TS7006: Parameter 'n' implicitly has an 'any' type.
src/components/ui/toaster.tsx(26,51): error TS7006: Parameter 'old' implicitly has an 'any' type.
src/components/ui/toaster.tsx(26,69): error TS7006: Parameter 'n' implicitly has an 'any' type.
src/components/ui/toaster.tsx(32,10): error TS7026: JSX element implicitly has type 'any' because no interface 'JSX.IntrinsicElements' exists.
src/components/ui/toaster.tsx(32,10): error TS2875: This JSX tag requires the module path 'react/jsx-runtime' to exist, but none could be found. Make sure you have types for the appropriate package installed.
src/components/ui/toaster.tsx(32,80): error TS7006: Parameter 'n' implicitly has an 'any' type.
src/components/ui/toaster.tsx(34,12): error TS7026: JSX element implicitly has type 'any' because no interface 'JSX.IntrinsicElements' exists.
src/components/ui/toaster.tsx(34,147): error TS7026: JSX element implicitly has type 'any' because no interface 'JSX.IntrinsicElements' exists.
src/components/ui/toaster.tsx(34,161): error TS7026: JSX element implicitly has type 'any' because no interface 'JSX.IntrinsicElements' exists.
src/components/ui/toaster.tsx(34,168): error TS7026: JSX element implicitly has type 'any' because no interface 'JSX.IntrinsicElements' exists.
src/components/ui/toaster.tsx(34,249): error TS7006: Parameter 'old' implicitly has an 'any' type.
src/components/ui/toaster.tsx(34,267): error TS7006: Parameter 'x' implicitly has an 'any' type.
src/components/ui/toaster.tsx(34,304): error TS7026: JSX element implicitly has type 'any' because no interface 'JSX.IntrinsicElements' exists.
src/components/ui/toaster.tsx(34,313): error TS7026: JSX element implicitly has type 'any' because no interface 'JSX.IntrinsicElements' exists.
src/components/ui/toaster.tsx(35,6): error TS7026: JSX element implicitly has type 'any' because no interface 'JSX.IntrinsicElements' exists.
src/components/ui/tooltip.tsx(1,39): error TS2307: Cannot find module 'react' or its corresponding type declarations.
src/components/ui/tooltip.tsx(4,10): error TS7026: JSX element implicitly has type 'any' because no interface 'JSX.IntrinsicElements' exists.
src/components/ui/tooltip.tsx(4,10): error TS2875: This JSX tag requires the module path 'react/jsx-runtime' to exist, but none could be found. Make sure you have types for the appropriate package installed.
src/components/ui/tooltip.tsx(4,84): error TS7026: JSX element implicitly has type 'any' because no interface 'JSX.IntrinsicElements' exists.
src/components/ui/tooltip.tsx(4,119): error TS7026: JSX element implicitly has type 'any' because no interface 'JSX.IntrinsicElements' exists.
src/components/ui/tooltip.tsx(4,126): error TS7026: JSX element implicitly has type 'any' because no interface 'JSX.IntrinsicElements' exists.
src/features/admin/actions.ts(2,19): error TS2307: Cannot find module 'zod' or its corresponding type declarations.
src/features/admin/actions.ts(3,32): error TS2307: Cannot find module 'next/cache' or its corresponding type declarations.
src/features/admin/user-actions.ts(2,19): error TS2307: Cannot find module 'zod' or its corresponding type declarations.
src/features/admin/user-actions.ts(3,32): error TS2307: Cannot find module 'next/cache' or its corresponding type declarations.
src/features/applications/actions.ts(2,19): error TS2307: Cannot find module 'zod' or its corresponding type declarations.
src/features/applications/admin-actions.ts(2,19): error TS2307: Cannot find module 'zod' or its corresponding type declarations.
src/features/applications/admin-actions.ts(3,32): error TS2307: Cannot find module 'next/cache' or its corresponding type declarations.
src/features/applications/admin-page.tsx(1,18): error TS2307: Cannot find module 'next/link' or its corresponding type declarations.
src/features/applications/admin-page.tsx(15,9): error TS7026: JSX element implicitly has type 'any' because no interface 'JSX.IntrinsicElements' exists.
src/features/applications/admin-page.tsx(15,9): error TS2875: This JSX tag requires the module path 'react/jsx-runtime' to exist, but none could be found. Make sure you have types for the appropriate package installed.
src/features/applications/admin-page.tsx(17,3): error TS7026: JSX element implicitly has type 'any' because no interface 'JSX.IntrinsicElements' exists.
src/features/applications/admin-page.tsx(18,3): error TS7026: JSX element implicitly has type 'any' because no interface 'JSX.IntrinsicElements' exists.
src/features/applications/admin-page.tsx(18,199): error TS7026: JSX element implicitly has type 'any' because no interface 'JSX.IntrinsicElements' exists.
src/features/applications/admin-page.tsx(19,3): error TS7026: JSX element implicitly has type 'any' because no interface 'JSX.IntrinsicElements' exists.
src/features/applications/admin-page.tsx(19,231): error TS7026: JSX element implicitly has type 'any' because no interface 'JSX.IntrinsicElements' exists.
src/features/applications/admin-page.tsx(20,3): error TS7026: JSX element implicitly has type 'any' because no interface 'JSX.IntrinsicElements' exists.
src/features/applications/admin-page.tsx(21,3): error TS7026: JSX element implicitly has type 'any' because no interface 'JSX.IntrinsicElements' exists.
src/features/applications/admin-page.tsx(21,80): error TS7026: JSX element implicitly has type 'any' because no interface 'JSX.IntrinsicElements' exists.
src/features/applications/admin-page.tsx(22,27): error TS7026: JSX element implicitly has type 'any' because no interface 'JSX.IntrinsicElements' exists.
src/features/applications/admin-page.tsx(22,68): error TS7026: JSX element implicitly has type 'any' because no interface 'JSX.IntrinsicElements' exists.
src/features/applications/admin-page.tsx(22,87): error TS7026: JSX element implicitly has type 'any' because no interface 'JSX.IntrinsicElements' exists.
src/features/applications/admin-page.tsx(22,92): error TS7026: JSX element implicitly has type 'any' because no interface 'JSX.IntrinsicElements' exists.
src/features/applications/admin-page.tsx(22,147): error TS7026: JSX element implicitly has type 'any' because no interface 'JSX.IntrinsicElements' exists.
src/features/applications/admin-page.tsx(22,151): error TS7026: JSX element implicitly has type 'any' because no interface 'JSX.IntrinsicElements' exists.
src/features/applications/admin-page.tsx(23,3): error TS7026: JSX element implicitly has type 'any' because no interface 'JSX.IntrinsicElements' exists.
src/features/applications/admin-page.tsx(23,59): error TS7026: JSX element implicitly has type 'any' because no interface 'JSX.IntrinsicElements' exists.
src/features/applications/admin-page.tsx(24,4): error TS7026: JSX element implicitly has type 'any' because no interface 'JSX.IntrinsicElements' exists.
src/features/applications/admin-page.tsx(24,46): error TS7026: JSX element implicitly has type 'any' because no interface 'JSX.IntrinsicElements' exists.
src/features/applications/admin-page.tsx(24,51): error TS7026: JSX element implicitly has type 'any' because no interface 'JSX.IntrinsicElements' exists.
src/features/applications/admin-page.tsx(24,68): error TS7026: JSX element implicitly has type 'any' because no interface 'JSX.IntrinsicElements' exists.
src/features/applications/admin-page.tsx(24,73): error TS7026: JSX element implicitly has type 'any' because no interface 'JSX.IntrinsicElements' exists.
src/features/applications/admin-page.tsx(24,148): error TS7026: JSX element implicitly has type 'any' because no interface 'JSX.IntrinsicElements' exists.
src/features/applications/admin-page.tsx(24,152): error TS7026: JSX element implicitly has type 'any' because no interface 'JSX.IntrinsicElements' exists.
src/features/applications/admin-page.tsx(24,158): error TS7026: JSX element implicitly has type 'any' because no interface 'JSX.IntrinsicElements' exists.
src/features/applications/admin-page.tsx(24,242): error TS7026: JSX element implicitly has type 'any' because no interface 'JSX.IntrinsicElements' exists.
src/features/applications/admin-page.tsx(24,249): error TS7026: JSX element implicitly has type 'any' because no interface 'JSX.IntrinsicElements' exists.
src/features/applications/admin-page.tsx(25,4): error TS7026: JSX element implicitly has type 'any' because no interface 'JSX.IntrinsicElements' exists.
src/features/applications/admin-page.tsx(26,5): error TS7026: JSX element implicitly has type 'any' because no interface 'JSX.IntrinsicElements' exists.
src/features/applications/admin-page.tsx(26,10): error TS7026: JSX element implicitly has type 'any' because no interface 'JSX.IntrinsicElements' exists.
src/features/applications/admin-page.tsx(26,22): error TS7026: JSX element implicitly has type 'any' because no interface 'JSX.IntrinsicElements' exists.
src/features/applications/admin-page.tsx(26,27): error TS7026: JSX element implicitly has type 'any' because no interface 'JSX.IntrinsicElements' exists.
src/features/applications/admin-page.tsx(26,76): error TS7026: JSX element implicitly has type 'any' because no interface 'JSX.IntrinsicElements' exists.
src/features/applications/admin-page.tsx(26,81): error TS7026: JSX element implicitly has type 'any' because no interface 'JSX.IntrinsicElements' exists.
src/features/applications/admin-page.tsx(27,5): error TS7026: JSX element implicitly has type 'any' because no interface 'JSX.IntrinsicElements' exists.
src/features/applications/admin-page.tsx(27,10): error TS7026: JSX element implicitly has type 'any' because no interface 'JSX.IntrinsicElements' exists.
src/features/applications/admin-page.tsx(27,75): error TS7026: JSX element implicitly has type 'any' because no interface 'JSX.IntrinsicElements' exists.
src/features/applications/admin-page.tsx(27,80): error TS7026: JSX element implicitly has type 'any' because no interface 'JSX.IntrinsicElements' exists.
src/features/applications/admin-page.tsx(27,125): error TS7026: JSX element implicitly has type 'any' because no interface 'JSX.IntrinsicElements' exists.
src/features/applications/admin-page.tsx(27,130): error TS7026: JSX element implicitly has type 'any' because no interface 'JSX.IntrinsicElements' exists.
src/features/applications/admin-page.tsx(28,5): error TS7026: JSX element implicitly has type 'any' because no interface 'JSX.IntrinsicElements' exists.
src/features/applications/admin-page.tsx(28,10): error TS7026: JSX element implicitly has type 'any' because no interface 'JSX.IntrinsicElements' exists.
src/features/applications/admin-page.tsx(28,20): error TS7026: JSX element implicitly has type 'any' because no interface 'JSX.IntrinsicElements' exists.
src/features/applications/admin-page.tsx(28,25): error TS7026: JSX element implicitly has type 'any' because no interface 'JSX.IntrinsicElements' exists.
src/features/applications/admin-page.tsx(28,49): error TS7026: JSX element implicitly has type 'any' because no interface 'JSX.IntrinsicElements' exists.
src/features/applications/admin-page.tsx(28,54): error TS7026: JSX element implicitly has type 'any' because no interface 'JSX.IntrinsicElements' exists.
src/features/applications/admin-page.tsx(28,60): error TS7026: JSX element implicitly has type 'any' because no interface 'JSX.IntrinsicElements' exists.
src/features/applications/admin-page.tsx(28,65): error TS7026: JSX element implicitly has type 'any' because no interface 'JSX.IntrinsicElements' exists.
src/features/applications/admin-page.tsx(28,89): error TS7026: JSX element implicitly has type 'any' because no interface 'JSX.IntrinsicElements' exists.
src/features/applications/admin-page.tsx(28,94): error TS7026: JSX element implicitly has type 'any' because no interface 'JSX.IntrinsicElements' exists.
src/features/applications/admin-page.tsx(28,128): error TS7026: JSX element implicitly has type 'any' because no interface 'JSX.IntrinsicElements' exists.
src/features/applications/admin-page.tsx(28,133): error TS7026: JSX element implicitly has type 'any' because no interface 'JSX.IntrinsicElements' exists.
src/features/applications/admin-page.tsx(29,23): error TS7026: JSX element implicitly has type 'any' because no interface 'JSX.IntrinsicElements' exists.
src/features/applications/admin-page.tsx(29,28): error TS7026: JSX element implicitly has type 'any' because no interface 'JSX.IntrinsicElements' exists.
src/features/applications/admin-page.tsx(29,39): error TS7026: JSX element implicitly has type 'any' because no interface 'JSX.IntrinsicElements' exists.
src/features/applications/admin-page.tsx(29,44): error TS7026: JSX element implicitly has type 'any' because no interface 'JSX.IntrinsicElements' exists.
src/features/applications/admin-page.tsx(29,111): error TS7026: JSX element implicitly has type 'any' because no interface 'JSX.IntrinsicElements' exists.
src/features/applications/admin-page.tsx(29,116): error TS7026: JSX element implicitly has type 'any' because no interface 'JSX.IntrinsicElements' exists.
src/features/applications/admin-page.tsx(30,25): error TS7026: JSX element implicitly has type 'any' because no interface 'JSX.IntrinsicElements' exists.
src/features/applications/admin-page.tsx(30,30): error TS7026: JSX element implicitly has type 'any' because no interface 'JSX.IntrinsicElements' exists.
src/features/applications/admin-page.tsx(30,55): error TS7026: JSX element implicitly has type 'any' because no interface 'JSX.IntrinsicElements' exists.
src/features/applications/admin-page.tsx(30,60): error TS7026: JSX element implicitly has type 'any' because no interface 'JSX.IntrinsicElements' exists.
src/features/applications/admin-page.tsx(30,87): error TS7026: JSX element implicitly has type 'any' because no interface 'JSX.IntrinsicElements' exists.
src/features/applications/admin-page.tsx(30,92): error TS7026: JSX element implicitly has type 'any' because no interface 'JSX.IntrinsicElements' exists.
src/features/applications/admin-page.tsx(31,33): error TS7026: JSX element implicitly has type 'any' because no interface 'JSX.IntrinsicElements' exists.
src/features/applications/admin-page.tsx(31,38): error TS7026: JSX element implicitly has type 'any' because no interface 'JSX.IntrinsicElements' exists.
src/features/applications/admin-page.tsx(31,63): error TS7026: JSX element implicitly has type 'any' because no interface 'JSX.IntrinsicElements' exists.
src/features/applications/admin-page.tsx(31,68): error TS7026: JSX element implicitly has type 'any' because no interface 'JSX.IntrinsicElements' exists.
src/features/applications/admin-page.tsx(31,282): error TS7026: JSX element implicitly has type 'any' because no interface 'JSX.IntrinsicElements' exists.
src/features/applications/admin-page.tsx(31,287): error TS7026: JSX element implicitly has type 'any' because no interface 'JSX.IntrinsicElements' exists.
src/features/applications/admin-page.tsx(32,4): error TS7026: JSX element implicitly has type 'any' because no interface 'JSX.IntrinsicElements' exists.
src/features/applications/admin-page.tsx(34,3): error TS7026: JSX element implicitly has type 'any' because no interface 'JSX.IntrinsicElements' exists.
src/features/applications/admin-page.tsx(34,15): error TS7026: JSX element implicitly has type 'any' because no interface 'JSX.IntrinsicElements' exists.
src/features/applications/admin-page.tsx(35,47): error TS7026: JSX element implicitly has type 'any' because no interface 'JSX.IntrinsicElements' exists.
src/features/applications/admin-page.tsx(35,182): error TS7026: JSX element implicitly has type 'any' because no interface 'JSX.IntrinsicElements' exists.
src/features/applications/admin-page.tsx(35,205): error TS7026: JSX element implicitly has type 'any' because no interface 'JSX.IntrinsicElements' exists.
src/features/applications/admin-page.tsx(35,295): error TS7026: JSX element implicitly has type 'any' because no interface 'JSX.IntrinsicElements' exists.
src/features/applications/admin-page.tsx(36,2): error TS7026: JSX element implicitly has type 'any' because no interface 'JSX.IntrinsicElements' exists.
src/features/applications/queries.ts(1,8): error TS2882: Cannot find module or type declarations for side-effect import of 'server-only'.
src/features/applications/review-buttons.tsx(2,45): error TS2307: Cannot find module 'react' or its corresponding type declarations.
src/features/applications/review-buttons.tsx(3,27): error TS2307: Cannot find module 'next/navigation' or its corresponding type declarations.
src/features/applications/review-buttons.tsx(28,18): error TS7026: JSX element implicitly has type 'any' because no interface 'JSX.IntrinsicElements' exists.
src/features/applications/review-buttons.tsx(28,18): error TS2875: This JSX tag requires the module path 'react/jsx-runtime' to exist, but none could be found. Make sure you have types for the appropriate package installed.
src/features/applications/review-buttons.tsx(28,70): error TS7026: JSX element implicitly has type 'any' because no interface 'JSX.IntrinsicElements' exists.
src/features/applications/review-buttons.tsx(29,53): error TS7026: JSX element implicitly has type 'any' because no interface 'JSX.IntrinsicElements' exists.
src/features/applications/review-buttons.tsx(32,2): error TS7026: JSX element implicitly has type 'any' because no interface 'JSX.IntrinsicElements' exists.
src/features/auth/actions.ts(2,19): error TS2307: Cannot find module 'zod' or its corresponding type declarations.
src/features/auth/actions.ts(3,26): error TS2307: Cannot find module 'next/navigation' or its corresponding type declarations.
src/features/auth/actions.ts(4,25): error TS2307: Cannot find module 'next/headers' or its corresponding type declarations.
src/features/auth/actions.ts(28,4): error TS2366: Function lacks ending return statement and return type does not include 'undefined'.
src/features/chats/actions.ts(2,19): error TS2307: Cannot find module 'zod' or its corresponding type declarations.
src/features/chats/use-visible-polling.ts(2,25): error TS2307: Cannot find module 'react' or its corresponding type declarations.
src/features/people/page.tsx(4,40): error TS2307: Cannot find module 'lucide-react' or its corresponding type declarations.
src/features/people/page.tsx(62,5): error TS2875: This JSX tag requires the module path 'react/jsx-runtime' to exist, but none could be found. Make sure you have types for the appropriate package installed.
src/features/people/page.tsx(76,7): error TS7026: JSX element implicitly has type 'any' because no interface 'JSX.IntrinsicElements' exists.
src/features/people/page.tsx(101,11): error TS7026: JSX element implicitly has type 'any' because no interface 'JSX.IntrinsicElements' exists.
src/features/people/page.tsx(102,13): error TS7026: JSX element implicitly has type 'any' because no interface 'JSX.IntrinsicElements' exists.
src/features/people/page.tsx(103,15): error TS7026: JSX element implicitly has type 'any' because no interface 'JSX.IntrinsicElements' exists.
src/features/people/page.tsx(103,69): error TS7026: JSX element implicitly has type 'any' because no interface 'JSX.IntrinsicElements' exists.
src/features/people/page.tsx(104,15): error TS7026: JSX element implicitly has type 'any' because no interface 'JSX.IntrinsicElements' exists.
src/features/people/page.tsx(108,15): error TS7026: JSX element implicitly has type 'any' because no interface 'JSX.IntrinsicElements' exists.
src/features/people/page.tsx(109,25): error TS7026: JSX element implicitly has type 'any' because no interface 'JSX.IntrinsicElements' exists.
src/features/people/page.tsx(109,41): error TS7026: JSX element implicitly has type 'any' because no interface 'JSX.IntrinsicElements' exists.
src/features/people/page.tsx(110,13): error TS7026: JSX element implicitly has type 'any' because no interface 'JSX.IntrinsicElements' exists.
src/features/people/page.tsx(126,17): error TS7026: JSX element implicitly has type 'any' because no interface 'JSX.IntrinsicElements' exists.
src/features/people/page.tsx(130,19): error TS7026: JSX element implicitly has type 'any' because no interface 'JSX.IntrinsicElements' exists.
src/features/people/page.tsx(131,21): error TS7026: JSX element implicitly has type 'any' because no interface 'JSX.IntrinsicElements' exists.
src/features/people/page.tsx(131,69): error TS7026: JSX element implicitly has type 'any' because no interface 'JSX.IntrinsicElements' exists.
src/features/people/page.tsx(132,21): error TS7026: JSX element implicitly has type 'any' because no interface 'JSX.IntrinsicElements' exists.
src/features/people/page.tsx(133,23): error TS7026: JSX element implicitly has type 'any' because no interface 'JSX.IntrinsicElements' exists.
src/features/people/page.tsx(133,44): error TS7026: JSX element implicitly has type 'any' because no interface 'JSX.IntrinsicElements' exists.
src/features/people/page.tsx(134,63): error TS7026: JSX element implicitly has type 'any' because no interface 'JSX.IntrinsicElements' exists.
src/features/people/page.tsx(135,25): error TS7026: JSX element implicitly has type 'any' because no interface 'JSX.IntrinsicElements' exists.
src/features/people/page.tsx(135,55): error TS7026: JSX element implicitly has type 'any' because no interface 'JSX.IntrinsicElements' exists.
src/features/people/page.tsx(136,25): error TS7026: JSX element implicitly has type 'any' because no interface 'JSX.IntrinsicElements' exists.
src/features/people/page.tsx(136,108): error TS7026: JSX element implicitly has type 'any' because no interface 'JSX.IntrinsicElements' exists.
src/features/people/page.tsx(137,25): error TS7026: JSX element implicitly has type 'any' because no interface 'JSX.IntrinsicElements' exists.
src/features/people/page.tsx(137,72): error TS7026: JSX element implicitly has type 'any' because no interface 'JSX.IntrinsicElements' exists.
src/features/people/page.tsx(138,60): error TS7026: JSX element implicitly has type 'any' because no interface 'JSX.IntrinsicElements' exists.
src/features/people/page.tsx(138,96): error TS7026: JSX element implicitly has type 'any' because no interface 'JSX.IntrinsicElements' exists.
src/features/people/page.tsx(139,23): error TS7026: JSX element implicitly has type 'any' because no interface 'JSX.IntrinsicElements' exists.
src/features/people/page.tsx(141,25): error TS7026: JSX element implicitly has type 'any' because no interface 'JSX.IntrinsicElements' exists.
src/features/people/page.tsx(141,45): error TS7026: JSX element implicitly has type 'any' because no interface 'JSX.IntrinsicElements' exists.
src/features/people/page.tsx(143,21): error TS7026: JSX element implicitly has type 'any' because no interface 'JSX.IntrinsicElements' exists.
src/features/people/page.tsx(144,19): error TS7026: JSX element implicitly has type 'any' because no interface 'JSX.IntrinsicElements' exists.
src/features/people/page.tsx(145,19): error TS7026: JSX element implicitly has type 'any' because no interface 'JSX.IntrinsicElements' exists.
src/features/people/page.tsx(149,27): error TS7026: JSX element implicitly has type 'any' because no interface 'JSX.IntrinsicElements' exists.
src/features/people/page.tsx(150,103): error TS7026: JSX element implicitly has type 'any' because no interface 'JSX.IntrinsicElements' exists.
src/features/people/page.tsx(150,136): error TS7026: JSX element implicitly has type 'any' because no interface 'JSX.IntrinsicElements' exists.
src/features/people/page.tsx(151,27): error TS7026: JSX element implicitly has type 'any' because no interface 'JSX.IntrinsicElements' exists.
src/features/people/page.tsx(154,25): error TS7026: JSX element implicitly has type 'any' because no interface 'JSX.IntrinsicElements' exists.
src/features/people/page.tsx(154,63): error TS7026: JSX element implicitly has type 'any' because no interface 'JSX.IntrinsicElements' exists.
src/features/people/page.tsx(158,25): error TS7026: JSX element implicitly has type 'any' because no interface 'JSX.IntrinsicElements' exists.
src/features/people/page.tsx(161,25): error TS7026: JSX element implicitly has type 'any' because no interface 'JSX.IntrinsicElements' exists.
src/features/people/page.tsx(164,23): error TS7026: JSX element implicitly has type 'any' because no interface 'JSX.IntrinsicElements' exists.
src/features/people/page.tsx(164,68): error TS7026: JSX element implicitly has type 'any' because no interface 'JSX.IntrinsicElements' exists.
src/features/people/page.tsx(166,19): error TS7026: JSX element implicitly has type 'any' because no interface 'JSX.IntrinsicElements' exists.
src/features/people/page.tsx(168,21): error TS7026: JSX element implicitly has type 'any' because no interface 'JSX.IntrinsicElements' exists.
src/features/people/page.tsx(169,46): error TS7026: JSX element implicitly has type 'any' because no interface 'JSX.IntrinsicElements' exists.
src/features/people/page.tsx(177,23): error TS7026: JSX element implicitly has type 'any' because no interface 'JSX.IntrinsicElements' exists.
src/features/people/page.tsx(177,30): error TS7026: JSX element implicitly has type 'any' because no interface 'JSX.IntrinsicElements' exists.
src/features/people/page.tsx(177,75): error TS7026: JSX element implicitly has type 'any' because no interface 'JSX.IntrinsicElements' exists.
src/features/people/page.tsx(194,21): error TS7026: JSX element implicitly has type 'any' because no interface 'JSX.IntrinsicElements' exists.
src/features/people/page.tsx(196,17): error TS7026: JSX element implicitly has type 'any' because no interface 'JSX.IntrinsicElements' exists.
src/features/people/page.tsx(199,13): error TS7026: JSX element implicitly has type 'any' because no interface 'JSX.IntrinsicElements' exists.
src/features/people/page.tsx(201,13): error TS7026: JSX element implicitly has type 'any' because no interface 'JSX.IntrinsicElements' exists.
src/features/people/page.tsx(202,11): error TS7026: JSX element implicitly has type 'any' because no interface 'JSX.IntrinsicElements' exists.
src/features/people/page.tsx(204,7): error TS7026: JSX element implicitly has type 'any' because no interface 'JSX.IntrinsicElements' exists.
src/features/people/queries.ts(1,8): error TS2882: Cannot find module or type declarations for side-effect import of 'server-only'.
src/features/schedule/actions.ts(2,19): error TS2307: Cannot find module 'zod' or its corresponding type declarations.
src/features/schedule/page.tsx(8,5): error TS7026: JSX element implicitly has type 'any' because no interface 'JSX.IntrinsicElements' exists.
src/features/schedule/page.tsx(8,5): error TS2875: This JSX tag requires the module path 'react/jsx-runtime' to exist, but none could be found. Make sure you have types for the appropriate package installed.
src/features/schedule/page.tsx(14,5): error TS7026: JSX element implicitly has type 'any' because no interface 'JSX.IntrinsicElements' exists.
src/features/schedule/queries.ts(1,8): error TS2882: Cannot find module or type declarations for side-effect import of 'server-only'.
src/features/schedule/queries.ts(12,35): error TS7006: Parameter 'r' implicitly has an 'any' type.
src/features/schedule/service.ts(1,8): error TS2882: Cannot find module or type declarations for side-effect import of 'server-only'.
src/features/schedule/service.ts(2,19): error TS2307: Cannot find module 'zod' or its corresponding type declarations.
src/features/schedule/validation.ts(1,19): error TS2307: Cannot find module 'zod' or its corresponding type declarations.
src/features/schedule/validation.ts(13,11): error TS7006: Parameter 'v' implicitly has an 'any' type.
src/features/settings/page.tsx(1,44): error TS2307: Cannot find module 'lucide-react' or its corresponding type declarations.
src/features/settings/page.tsx(24,5): error TS2875: This JSX tag requires the module path 'react/jsx-runtime' to exist, but none could be found. Make sure you have types for the appropriate package installed.
src/features/settings/page.tsx(29,7): error TS7026: JSX element implicitly has type 'any' because no interface 'JSX.IntrinsicElements' exists.
src/features/settings/page.tsx(30,9): error TS7026: JSX element implicitly has type 'any' because no interface 'JSX.IntrinsicElements' exists.
src/features/settings/page.tsx(31,11): error TS7026: JSX element implicitly has type 'any' because no interface 'JSX.IntrinsicElements' exists.
src/features/settings/page.tsx(32,13): error TS7026: JSX element implicitly has type 'any' because no interface 'JSX.IntrinsicElements' exists.
src/features/settings/page.tsx(34,13): error TS7026: JSX element implicitly has type 'any' because no interface 'JSX.IntrinsicElements' exists.
src/features/settings/page.tsx(35,13): error TS7026: JSX element implicitly has type 'any' because no interface 'JSX.IntrinsicElements' exists.
src/features/settings/page.tsx(36,15): error TS7026: JSX element implicitly has type 'any' because no interface 'JSX.IntrinsicElements' exists.
src/features/settings/page.tsx(36,32): error TS7026: JSX element implicitly has type 'any' because no interface 'JSX.IntrinsicElements' exists.
src/features/settings/page.tsx(37,15): error TS7026: JSX element implicitly has type 'any' because no interface 'JSX.IntrinsicElements' exists.
src/features/settings/page.tsx(37,53): error TS7026: JSX element implicitly has type 'any' because no interface 'JSX.IntrinsicElements' exists.
src/features/settings/page.tsx(38,13): error TS7026: JSX element implicitly has type 'any' because no interface 'JSX.IntrinsicElements' exists.
src/features/settings/page.tsx(39,11): error TS7026: JSX element implicitly has type 'any' because no interface 'JSX.IntrinsicElements' exists.
src/features/settings/page.tsx(41,9): error TS7026: JSX element implicitly has type 'any' because no interface 'JSX.IntrinsicElements' exists.
src/features/settings/page.tsx(42,9): error TS7026: JSX element implicitly has type 'any' because no interface 'JSX.IntrinsicElements' exists.
src/features/settings/page.tsx(43,11): error TS7026: JSX element implicitly has type 'any' because no interface 'JSX.IntrinsicElements' exists.
src/features/settings/page.tsx(44,13): error TS7026: JSX element implicitly has type 'any' because no interface 'JSX.IntrinsicElements' exists.
src/features/settings/page.tsx(46,13): error TS7026: JSX element implicitly has type 'any' because no interface 'JSX.IntrinsicElements' exists.
src/features/settings/page.tsx(47,13): error TS7026: JSX element implicitly has type 'any' because no interface 'JSX.IntrinsicElements' exists.
src/features/settings/page.tsx(48,15): error TS7026: JSX element implicitly has type 'any' because no interface 'JSX.IntrinsicElements' exists.
src/features/settings/page.tsx(48,27): error TS7026: JSX element implicitly has type 'any' because no interface 'JSX.IntrinsicElements' exists.
src/features/settings/page.tsx(49,15): error TS7026: JSX element implicitly has type 'any' because no interface 'JSX.IntrinsicElements' exists.
src/features/settings/page.tsx(49,57): error TS7026: JSX element implicitly has type 'any' because no interface 'JSX.IntrinsicElements' exists.
src/features/settings/page.tsx(50,13): error TS7026: JSX element implicitly has type 'any' because no interface 'JSX.IntrinsicElements' exists.
src/features/settings/page.tsx(51,11): error TS7026: JSX element implicitly has type 'any' because no interface 'JSX.IntrinsicElements' exists.
src/features/settings/page.tsx(53,11): error TS7026: JSX element implicitly has type 'any' because no interface 'JSX.IntrinsicElements' exists.
src/features/settings/page.tsx(55,34): error TS7006: Parameter 's' implicitly has an 'any' type.
src/features/settings/page.tsx(56,17): error TS7026: JSX element implicitly has type 'any' because no interface 'JSX.IntrinsicElements' exists.
src/features/settings/page.tsx(57,19): error TS7026: JSX element implicitly has type 'any' because no interface 'JSX.IntrinsicElements' exists.
src/features/settings/page.tsx(57,33): error TS7026: JSX element implicitly has type 'any' because no interface 'JSX.IntrinsicElements' exists.
src/features/settings/page.tsx(59,17): error TS7026: JSX element implicitly has type 'any' because no interface 'JSX.IntrinsicElements' exists.
src/features/settings/page.tsx(62,15): error TS7026: JSX element implicitly has type 'any' because no interface 'JSX.IntrinsicElements' exists.
src/features/settings/page.tsx(64,15): error TS7026: JSX element implicitly has type 'any' because no interface 'JSX.IntrinsicElements' exists.
src/features/settings/page.tsx(66,11): error TS7026: JSX element implicitly has type 'any' because no interface 'JSX.IntrinsicElements' exists.
src/features/settings/page.tsx(67,9): error TS7026: JSX element implicitly has type 'any' because no interface 'JSX.IntrinsicElements' exists.
src/features/settings/page.tsx(68,9): error TS7026: JSX element implicitly has type 'any' because no interface 'JSX.IntrinsicElements' exists.
src/features/settings/page.tsx(69,11): error TS7026: JSX element implicitly has type 'any' because no interface 'JSX.IntrinsicElements' exists.
src/features/settings/page.tsx(69,45): error TS7026: JSX element implicitly has type 'any' because no interface 'JSX.IntrinsicElements' exists.
src/features/settings/page.tsx(69,99): error TS7026: JSX element implicitly has type 'any' because no interface 'JSX.IntrinsicElements' exists.
src/features/settings/page.tsx(69,106): error TS7026: JSX element implicitly has type 'any' because no interface 'JSX.IntrinsicElements' exists.
src/features/settings/page.tsx(69,111): error TS7026: JSX element implicitly has type 'any' because no interface 'JSX.IntrinsicElements' exists.
src/features/settings/page.tsx(69,123): error TS7026: JSX element implicitly has type 'any' because no interface 'JSX.IntrinsicElements' exists.
src/features/settings/page.tsx(69,128): error TS7026: JSX element implicitly has type 'any' because no interface 'JSX.IntrinsicElements' exists.
src/features/settings/page.tsx(69,194): error TS7026: JSX element implicitly has type 'any' because no interface 'JSX.IntrinsicElements' exists.
src/features/settings/page.tsx(69,198): error TS7026: JSX element implicitly has type 'any' because no interface 'JSX.IntrinsicElements' exists.
src/features/settings/page.tsx(69,204): error TS7026: JSX element implicitly has type 'any' because no interface 'JSX.IntrinsicElements' exists.
src/features/settings/page.tsx(71,9): error TS7026: JSX element implicitly has type 'any' because no interface 'JSX.IntrinsicElements' exists.
src/features/settings/page.tsx(72,7): error TS7026: JSX element implicitly has type 'any' because no interface 'JSX.IntrinsicElements' exists.
src/features/statistics/page.tsx(25,5): error TS7026: JSX element implicitly has type 'any' because no interface 'JSX.IntrinsicElements' exists.
src/features/statistics/page.tsx(25,5): error TS2875: This JSX tag requires the module path 'react/jsx-runtime' to exist, but none could be found. Make sure you have types for the appropriate package installed.
src/features/statistics/page.tsx(40,5): error TS7026: JSX element implicitly has type 'any' because no interface 'JSX.IntrinsicElements' exists.
src/features/statistics/service.ts(1,8): error TS2882: Cannot find module or type declarations for side-effect import of 'server-only'.
src/features/statistics/service.ts(2,19): error TS2307: Cannot find module 'zod' or its corresponding type declarations.
src/features/statistics/service.ts(35,12): error TS7006: Parameter 'q' implicitly has an 'any' type.
src/features/statistics/service.ts(76,42): error TS7006: Parameter 'l' implicitly has an 'any' type.
src/lib/auth/access.ts(1,8): error TS2882: Cannot find module or type declarations for side-effect import of 'server-only'.
src/lib/auth/access.ts(2,23): error TS2307: Cannot find module 'react' or its corresponding type declarations.
src/lib/auth/access.ts(3,26): error TS2307: Cannot find module 'next/navigation' or its corresponding type declarations.
src/lib/auth/rate-limit.ts(1,8): error TS2882: Cannot find module or type declarations for side-effect import of 'server-only'.
src/lib/auth/rate-limit.ts(2,25): error TS2307: Cannot find module 'next/headers' or its corresponding type declarations.
src/lib/auth/rate-limit.ts(14,14): error TS2591: Cannot find name 'process'. Do you need to install type definitions for node? Try `npm i --save-dev @types/node` and then add 'node' to the types field in your tsconfig.
src/lib/auth/tokens.ts(5,8): error TS2591: Cannot find name 'node:crypto'. Do you need to install type definitions for node? Try `npm i --save-dev @types/node` and then add 'node' to the types field in your tsconfig.
src/lib/auth/tokens.ts(13,13): error TS2591: Cannot find name 'Buffer'. Do you need to install type definitions for node? Try `npm i --save-dev @types/node` and then add 'node' to the types field in your tsconfig.
src/lib/auth/tokens.ts(14,13): error TS2591: Cannot find name 'Buffer'. Do you need to install type definitions for node? Try `npm i --save-dev @types/node` and then add 'node' to the types field in your tsconfig.
src/lib/env.ts(1,8): error TS2882: Cannot find module or type declarations for side-effect import of 'server-only'.
src/lib/env.ts(3,17): error TS2591: Cannot find name 'process'. Do you need to install type definitions for node? Try `npm i --save-dev @types/node` and then add 'node' to the types field in your tsconfig.
src/lib/env.ts(9,5): error TS2591: Cannot find name 'process'. Do you need to install type definitions for node? Try `npm i --save-dev @types/node` and then add 'node' to the types field in your tsconfig.
src/lib/env.ts(10,5): error TS2591: Cannot find name 'process'. Do you need to install type definitions for node? Try `npm i --save-dev @types/node` and then add 'node' to the types field in your tsconfig.
src/lib/env.ts(11,5): error TS2591: Cannot find name 'process'. Do you need to install type definitions for node? Try `npm i --save-dev @types/node` and then add 'node' to the types field in your tsconfig.
src/lib/env.ts(17,34): error TS2591: Cannot find name 'process'. Do you need to install type definitions for node? Try `npm i --save-dev @types/node` and then add 'node' to the types field in your tsconfig.
src/lib/env.ts(20,7): error TS2591: Cannot find name 'process'. Do you need to install type definitions for node? Try `npm i --save-dev @types/node` and then add 'node' to the types field in your tsconfig.
src/lib/env.ts(22,29): error TS2591: Cannot find name 'process'. Do you need to install type definitions for node? Try `npm i --save-dev @types/node` and then add 'node' to the types field in your tsconfig.
src/lib/env.ts(29,7): error TS2591: Cannot find name 'process'. Do you need to install type definitions for node? Try `npm i --save-dev @types/node` and then add 'node' to the types field in your tsconfig.
src/lib/supabase/admin.ts(1,8): error TS2882: Cannot find module or type declarations for side-effect import of 'server-only'.
src/lib/supabase/admin.ts(2,30): error TS2307: Cannot find module '@supabase/supabase-js' or its corresponding type declarations.
src/lib/supabase/client.ts(2,37): error TS2307: Cannot find module '@supabase/ssr' or its corresponding type declarations.
src/lib/supabase/client.ts(7,5): error TS2591: Cannot find name 'process'. Do you need to install type definitions for node? Try `npm i --save-dev @types/node` and then add 'node' to the types field in your tsconfig.
src/lib/supabase/client.ts(8,5): error TS2591: Cannot find name 'process'. Do you need to install type definitions for node? Try `npm i --save-dev @types/node` and then add 'node' to the types field in your tsconfig.
src/lib/supabase/server.ts(1,8): error TS2882: Cannot find module or type declarations for side-effect import of 'server-only'.
src/lib/supabase/server.ts(2,25): error TS2307: Cannot find module 'next/headers' or its corresponding type declarations.
src/lib/supabase/session.ts(1,8): error TS2882: Cannot find module or type declarations for side-effect import of 'server-only'.
src/lib/supabase/session.ts(2,36): error TS2307: Cannot find module '@supabase/ssr' or its corresponding type declarations.
src/lib/supabase/session.ts(27,24): error TS7006: Parameter 'updates' implicitly has an 'any' type.
src/lib/supabase/session.ts(38,26): error TS2345: Argument of type 'string | undefined' is not assignable to parameter of type 'string'.
  Type 'undefined' is not assignable to type 'string'.
src/lib/supabase/session.ts(41,23): error TS2345: Argument of type 'string | undefined' is not assignable to parameter of type 'string'.
  Type 'undefined' is not assignable to type 'string'.
src/lib/supabase/session.ts(49,11): error TS2591: Cannot find name 'process'. Do you need to install type definitions for node? Try `npm i --save-dev @types/node` and then add 'node' to the types field in your tsconfig.
src/lib/telegram/bot.ts(1,8): error TS2882: Cannot find module or type declarations for side-effect import of 'server-only'.
src/lib/utils.ts(1,39): error TS2307: Cannot find module 'clsx' or its corresponding type declarations.
src/lib/utils.ts(2,25): error TS2307: Cannot find module 'tailwind-merge' or its corresponding type declarations.
src/lib/validation/schemas.ts(1,19): error TS2307: Cannot find module 'zod' or its corresponding type declarations.
src/lib/validation/schemas.ts(17,15): error TS7006: Parameter 'v' implicitly has an 'any' type.
src/lib/validation/schemas.ts(26,15): error TS7006: Parameter 'v' implicitly has an 'any' type.
src/lib/validation/schemas.ts(79,12): error TS7006: Parameter 'v' implicitly has an 'any' type.
src/lib/validation/schemas.ts(90,12): error TS7006: Parameter 'v' implicitly has an 'any' type.
src/lib/validation/schemas.ts(102,29): error TS7006: Parameter 'v' implicitly has an 'any' type.
src/proxy.ts(1,43): error TS2307: Cannot find module 'next/server' or its corresponding type declarations.
src/proxy.ts(46,40): error TS7006: Parameter 'c' implicitly has an 'any' type.
tests/admin-users-database.test.ts(1,24): error TS2307: Cannot find module '@electric-sql/pglite' or its corresponding type declarations.
tests/admin-users-database.test.ts(2,28): error TS2307: Cannot find module '@electric-sql/pglite/contrib/btree_gist' or its corresponding type declarations.
tests/admin-users-database.test.ts(3,18): error TS2591: Cannot find name 'node:test'. Do you need to install type definitions for node? Try `npm i --save-dev @types/node` and then add 'node' to the types field in your tsconfig.
tests/admin-users-database.test.ts(4,20): error TS2591: Cannot find name 'node:assert/strict'. Do you need to install type definitions for node? Try `npm i --save-dev @types/node` and then add 'node' to the types field in your tsconfig.
tests/admin-users-database.test.ts(5,35): error TS2591: Cannot find name 'node:fs/promises'. Do you need to install type definitions for node? Try `npm i --save-dev @types/node` and then add 'node' to the types field in your tsconfig.
tests/admin-users-database.test.ts(8,109): error TS7006: Parameter 't' implicitly has an 'any' type.
tests/admin-users-database.test.ts(16,53): error TS7006: Parameter 'n' implicitly has an 'any' type.
tests/admin-users-database.test.ts(17,37): error TS7006: Parameter 'n' implicitly has an 'any' type.
tests/admin-users-database.test.ts(26,53): error TS7006: Parameter 'n' implicitly has an 'any' type.
tests/admin-users-database.test.ts(27,36): error TS7006: Parameter 'n' implicitly has an 'any' type.
tests/admin-users-database.test.ts(49,20): error TS18046: 'result' is of type 'unknown'.
tests/admin-users-database.test.ts(49,66): error TS18046: 'result' is of type 'unknown'.
tests/admin-users-database.test.ts(49,118): error TS18046: 'result' is of type 'unknown'.
tests/admin-users-database.test.ts(53,19): error TS18046: 'rows' is of type 'unknown'.
tests/admin-users-database.test.ts(53,35): error TS7006: Parameter 'p' implicitly has an 'any' type.
tests/admin-users-database.test.ts(92,20): error TS2571: Object is of type 'unknown'.
tests/admin-users-database.test.ts(93,20): error TS2571: Object is of type 'unknown'.
tests/admin-users-database.test.ts(95,20): error TS2571: Object is of type 'unknown'.
tests/admin-users-database.test.ts(100,20): error TS2571: Object is of type 'unknown'.
tests/admin-users-database.test.ts(117,20): error TS2571: Object is of type 'unknown'.
tests/admin-users-database.test.ts(118,20): error TS2571: Object is of type 'unknown'.
tests/applications-database.test.ts(1,24): error TS2307: Cannot find module '@electric-sql/pglite' or its corresponding type declarations.
tests/applications-database.test.ts(2,28): error TS2307: Cannot find module '@electric-sql/pglite/contrib/btree_gist' or its corresponding type declarations.
tests/applications-database.test.ts(3,18): error TS2591: Cannot find name 'node:test'. Do you need to install type definitions for node? Try `npm i --save-dev @types/node` and then add 'node' to the types field in your tsconfig.
tests/applications-database.test.ts(4,20): error TS2591: Cannot find name 'node:assert/strict'. Do you need to install type definitions for node? Try `npm i --save-dev @types/node` and then add 'node' to the types field in your tsconfig.
tests/applications-database.test.ts(5,35): error TS2591: Cannot find name 'node:fs/promises'. Do you need to install type definitions for node? Try `npm i --save-dev @types/node` and then add 'node' to the types field in your tsconfig.
tests/applications-database.test.ts(6,28): error TS2591: Cannot find name 'node:crypto'. Do you need to install type definitions for node? Try `npm i --save-dev @types/node` and then add 'node' to the types field in your tsconfig.
tests/applications-database.test.ts(9,77): error TS7006: Parameter 't' implicitly has an 'any' type.
tests/applications-database.test.ts(16,96): error TS7006: Parameter 'n' implicitly has an 'any' type.
tests/applications-database.test.ts(60,35): error TS7006: Parameter 'd' implicitly has an 'any' type.
tests/applications-database.test.ts(68,31): error TS7006: Parameter 'row' implicitly has an 'any' type.
tests/applications-database.test.ts(89,34): error TS7006: Parameter 'row' implicitly has an 'any' type.
tests/applications-database.test.ts(106,32): error TS7006: Parameter 'r' implicitly has an 'any' type.
tests/applications-database.test.ts(106,90): error TS7006: Parameter 'r' implicitly has an 'any' type.
tests/chat-database.test.ts(1,22): error TS2307: Cannot find module '@electric-sql/pglite' or its corresponding type declarations.
tests/chat-database.test.ts(2,26): error TS2307: Cannot find module '@electric-sql/pglite/contrib/btree_gist' or its corresponding type declarations.
tests/chat-database.test.ts(3,18): error TS2591: Cannot find name 'node:test'. Do you need to install type definitions for node? Try `npm i --save-dev @types/node` and then add 'node' to the types field in your tsconfig.
tests/chat-database.test.ts(3,49): error TS2591: Cannot find name 'node:assert/strict'. Do you need to install type definitions for node? Try `npm i --save-dev @types/node` and then add 'node' to the types field in your tsconfig.
tests/chat-database.test.ts(4,32): error TS2591: Cannot find name 'node:fs/promises'. Do you need to install type definitions for node? Try `npm i --save-dev @types/node` and then add 'node' to the types field in your tsconfig.
tests/chat-database.test.ts(6,115): error TS7006: Parameter 't' implicitly has an 'any' type.
tests/chat-database.test.ts(10,106): error TS7006: Parameter 'f' implicitly has an 'any' type.
tests/chat-database.test.ts(13,110): error TS7006: Parameter 'r' implicitly has an 'any' type.
tests/chat-database.test.ts(17,60): error TS2571: Object is of type 'unknown'.
tests/chat-database.test.ts(19,24): error TS2571: Object is of type 'unknown'.
tests/chat-database.test.ts(22,657): error TS2571: Object is of type 'unknown'.
tests/chat-database.test.ts(22,750): error TS2571: Object is of type 'unknown'.
tests/chat-database.test.ts(26,237): error TS2571: Object is of type 'unknown'.
tests/chat-database.test.ts(26,479): error TS7006: Parameter 'm' implicitly has an 'any' type.
tests/chat-database.test.ts(26,514): error TS7006: Parameter 'm' implicitly has an 'any' type.
tests/chat-database.test.ts(27,514): error TS2571: Object is of type 'unknown'.
tests/chat-database.test.ts(28,263): error TS2571: Object is of type 'unknown'.
tests/database.test.ts(1,24): error TS2307: Cannot find module '@electric-sql/pglite' or its corresponding type declarations.
tests/database.test.ts(2,28): error TS2307: Cannot find module '@electric-sql/pglite/contrib/btree_gist' or its corresponding type declarations.
tests/database.test.ts(3,18): error TS2591: Cannot find name 'node:test'. Do you need to install type definitions for node? Try `npm i --save-dev @types/node` and then add 'node' to the types field in your tsconfig.
tests/database.test.ts(4,20): error TS2591: Cannot find name 'node:assert/strict'. Do you need to install type definitions for node? Try `npm i --save-dev @types/node` and then add 'node' to the types field in your tsconfig.
tests/database.test.ts(5,35): error TS2591: Cannot find name 'node:fs/promises'. Do you need to install type definitions for node? Try `npm i --save-dev @types/node` and then add 'node' to the types field in your tsconfig.
tests/database.test.ts(6,28): error TS2591: Cannot find name 'node:crypto'. Do you need to install type definitions for node? Try `npm i --save-dev @types/node` and then add 'node' to the types field in your tsconfig.
tests/database.test.ts(9,97): error TS7006: Parameter 't' implicitly has an 'any' type.
tests/database.test.ts(18,14): error TS7006: Parameter 'n' implicitly has an 'any' type.
tests/database.test.ts(176,32): error TS7006: Parameter 'p' implicitly has an 'any' type.
tests/database.test.ts(180,25): error TS7006: Parameter 'p' implicitly has an 'any' type.
tests/database.test.ts(206,20): error TS7006: Parameter 'p' implicitly has an 'any' type.
tests/database.test.ts(248,38): error TS7006: Parameter 'r' implicitly has an 'any' type.
tests/e2e/app.spec.ts(2,30): error TS2307: Cannot find module '@playwright/test' or its corresponding type declarations.
tests/e2e/app.spec.ts(3,23): error TS2591: Cannot find name 'node:fs/promises'. Do you need to install type definitions for node? Try `npm i --save-dev @types/node` and then add 'node' to the types field in your tsconfig.
tests/e2e/app.spec.ts(4,36): error TS2307: Cannot find module '@playwright/test' or its corresponding type declarations.
tests/e2e/app.spec.ts(11,64): error TS7031: Binding element 'page' implicitly has an 'any' type.
tests/e2e/app.spec.ts(42,82): error TS7031: Binding element 'page' implicitly has an 'any' type.
tests/e2e/app.spec.ts(68,91): error TS7031: Binding element 'page' implicitly has an 'any' type.
tests/e2e/app.spec.ts(68,97): error TS7031: Binding element 'context' implicitly has an 'any' type.
tests/e2e/app.spec.ts(71,26): error TS7006: Parameter 'c' implicitly has an 'any' type.
tests/e2e/app.spec.ts(72,24): error TS7006: Parameter 'c' implicitly has an 'any' type.
tests/e2e/app.spec.ts(107,18): error TS7006: Parameter 'el' implicitly has an 'any' type.
tests/e2e/app.spec.ts(116,53): error TS7031: Binding element 'page' implicitly has an 'any' type.
tests/e2e/app.spec.ts(116,59): error TS7031: Binding element 'request' implicitly has an 'any' type.
tests/e2e/bugfixes-007.spec.ts(1,65): error TS2307: Cannot find module '@playwright/test' or its corresponding type declarations.
tests/e2e/bugfixes-007.spec.ts(38,26): error TS7031: Binding element 'page' implicitly has an 'any' type.
tests/e2e/bugfixes-007.spec.ts(38,32): error TS7031: Binding element 'request' implicitly has an 'any' type.
tests/e2e/bugfixes-007.spec.ts(43,92): error TS7031: Binding element 'page' implicitly has an 'any' type.
tests/e2e/bugfixes-007.spec.ts(47,45): error TS7006: Parameter 'el' implicitly has an 'any' type.
tests/e2e/bugfixes-007.spec.ts(66,95): error TS7031: Binding element 'page' implicitly has an 'any' type.
tests/e2e/bugfixes-007.spec.ts(66,101): error TS7031: Binding element 'request' implicitly has an 'any' type.
tests/e2e/bugfixes-007.spec.ts(78,91): error TS7031: Binding element 'page' implicitly has an 'any' type.
tests/e2e/bugfixes-007.spec.ts(78,97): error TS7031: Binding element 'request' implicitly has an 'any' type.
tests/e2e/bugfixes-007.spec.ts(91,63): error TS7031: Binding element 'page' implicitly has an 'any' type.
tests/e2e/bugfixes-007.spec.ts(95,29): error TS7006: Parameter 'el' implicitly has an 'any' type.
tests/e2e/bugfixes-007.spec.ts(105,95): error TS7031: Binding element 'page' implicitly has an 'any' type.
tests/e2e/bugfixes-007.spec.ts(105,101): error TS7031: Binding element 'request' implicitly has an 'any' type.
tests/e2e/bugfixes-007.spec.ts(122,100): error TS7031: Binding element 'page' implicitly has an 'any' type.
tests/e2e/bugfixes-007.spec.ts(122,106): error TS7031: Binding element 'request' implicitly has an 'any' type.
tests/e2e/bugfixes-007.spec.ts(148,88): error TS7031: Binding element 'page' implicitly has an 'any' type.
tests/e2e/bugfixes-007.spec.ts(169,97): error TS7031: Binding element 'page' implicitly has an 'any' type.
tests/e2e/bugfixes-007.spec.ts(192,83): error TS7031: Binding element 'page' implicitly has an 'any' type.
tests/e2e/bugfixes-007.spec.ts(226,83): error TS7031: Binding element 'page' implicitly has an 'any' type.
tests/e2e/bugfixes-007.spec.ts(235,90): error TS7031: Binding element 'page' implicitly has an 'any' type.
tests/e2e/bugfixes-007.spec.ts(235,96): error TS7031: Binding element 'request' implicitly has an 'any' type.
tests/e2e/bugfixes-007.spec.ts(261,72): error TS7031: Binding element 'page' implicitly has an 'any' type.
tests/e2e/bugfixes-007.spec.ts(261,78): error TS7031: Binding element 'request' implicitly has an 'any' type.
tests/e2e/package-009.spec.ts(1,41): error TS2307: Cannot find module '@playwright/test' or its corresponding type declarations.
tests/e2e/package-009.spec.ts(8,24): error TS7031: Binding element 'request' implicitly has an 'any' type.
tests/e2e/package-009.spec.ts(9,118): error TS7031: Binding element 'page' implicitly has an 'any' type.
tests/e2e/package-009.spec.ts(22,108): error TS7031: Binding element 'page' implicitly has an 'any' type.
tests/e2e/package-009.spec.ts(31,40): error TS7006: Parameter 'el' implicitly has an 'any' type.
tests/e2e/package-009.spec.ts(38,57): error TS7031: Binding element 'page' implicitly has an 'any' type.
tests/e2e/package-009.spec.ts(44,102): error TS7031: Binding element 'page' implicitly has an 'any' type.
tests/e2e/package-009.spec.ts(62,111): error TS7031: Binding element 'page' implicitly has an 'any' type.
tests/e2e/package-009.spec.ts(62,116): error TS7031: Binding element 'request' implicitly has an 'any' type.
tests/e2e/package-009.spec.ts(62,124): error TS7031: Binding element 'browser' implicitly has an 'any' type.
tests/e2e/package-009.spec.ts(83,80): error TS7031: Binding element 'page' implicitly has an 'any' type.
tests/e2e/package-009.spec.ts(83,85): error TS7031: Binding element 'request' implicitly has an 'any' type.
tests/e2e/package-009.spec.ts(83,93): error TS7031: Binding element 'browser' implicitly has an 'any' type.
tests/e2e/package-010.spec.ts(1,41): error TS2307: Cannot find module '@playwright/test' or its corresponding type declarations.
tests/e2e/package-010.spec.ts(9,51): error TS7006: Parameter 'el' implicitly has an 'any' type.
tests/e2e/package-010.spec.ts(9,56): error TS7031: Binding element 'day' implicitly has an 'any' type.
tests/e2e/package-010.spec.ts(9,60): error TS7031: Binding element 'minute' implicitly has an 'any' type.
tests/e2e/package-010.spec.ts(21,94): error TS7006: Parameter 'nodes' implicitly has an 'any' type.
tests/e2e/package-010.spec.ts(21,121): error TS7006: Parameter 'n' implicitly has an 'any' type.
tests/e2e/package-010.spec.ts(22,25): error TS7031: Binding element 'request' implicitly has an 'any' type.
tests/e2e/package-010.spec.ts(24,102): error TS7031: Binding element 'page' implicitly has an 'any' type.
tests/e2e/package-010.spec.ts(24,107): error TS7031: Binding element 'request' implicitly has an 'any' type.
tests/e2e/package-010.spec.ts(24,117): error TS7006: Parameter 'info' implicitly has an 'any' type.
tests/e2e/package-010.spec.ts(31,71): error TS7006: Parameter 'nodes' implicitly has an 'any' type.
tests/e2e/package-010.spec.ts(31,90): error TS7006: Parameter 'n' implicitly has an 'any' type.
tests/e2e/package-010.spec.ts(34,152): error TS7006: Parameter 'el' implicitly has an 'any' type.
tests/e2e/package-010.spec.ts(40,58): error TS7006: Parameter 'el' implicitly has an 'any' type.
tests/e2e/package-010.spec.ts(48,93): error TS7031: Binding element 'page' implicitly has an 'any' type.
tests/e2e/package-010.spec.ts(59,122): error TS7031: Binding element 'page' implicitly has an 'any' type.
tests/e2e/package-010.spec.ts(59,127): error TS7031: Binding element 'browser' implicitly has an 'any' type.
tests/e2e/package-010.spec.ts(76,108): error TS7031: Binding element 'page' implicitly has an 'any' type.
tests/e2e/package-010.spec.ts(90,113): error TS7031: Binding element 'page' implicitly has an 'any' type.
tests/e2e/package-010.spec.ts(101,63): error TS7031: Binding element 'page' implicitly has an 'any' type.
tests/e2e/package-010.spec.ts(105,110): error TS7031: Binding element 'page' implicitly has an 'any' type.
tests/e2e/package-010.spec.ts(105,115): error TS7031: Binding element 'request' implicitly has an 'any' type.
tests/e2e/package-010.spec.ts(120,101): error TS7031: Binding element 'page' implicitly has an 'any' type.
tests/e2e/package-011.spec.ts(1,37): error TS2307: Cannot find module '@playwright/test' or its corresponding type declarations.
tests/e2e/package-011.spec.ts(4,24): error TS7031: Binding element 'request' implicitly has an 'any' type.
tests/e2e/package-011.spec.ts(5,64): error TS7031: Binding element 'page' implicitly has an 'any' type.
tests/e2e/package-011.spec.ts(5,69): error TS7031: Binding element 'request' implicitly has an 'any' type.
tests/e2e/package-011.spec.ts(6,87): error TS7031: Binding element 'page' implicitly has an 'any' type.
tests/e2e/package-011.spec.ts(6,92): error TS7031: Binding element 'request' implicitly has an 'any' type.
tests/e2e/package-011.spec.ts(11,74): error TS7031: Binding element 'page' implicitly has an 'any' type.
tests/e2e/package-011.spec.ts(11,79): error TS7031: Binding element 'request' implicitly has an 'any' type.
tests/e2e/package-011.spec.ts(11,88): error TS7006: Parameter 'info' implicitly has an 'any' type.
tests/e2e/package-011.spec.ts(12,152): error TS7031: Binding element 'page' implicitly has an 'any' type.
tests/e2e/package-011.spec.ts(12,474): error TS7006: Parameter 'el' implicitly has an 'any' type.
tests/e2e/schedule-features.spec.ts(1,41): error TS2307: Cannot find module '@playwright/test' or its corresponding type declarations.
tests/e2e/schedule-features.spec.ts(12,24): error TS7031: Binding element 'request' implicitly has an 'any' type.
tests/e2e/schedule-features.spec.ts(13,72): error TS7031: Binding element 'page' implicitly has an 'any' type.
tests/e2e/schedule-features.spec.ts(20,96): error TS7031: Binding element 'page' implicitly has an 'any' type.
tests/e2e/schedule-features.spec.ts(31,99): error TS7031: Binding element 'page' implicitly has an 'any' type.
tests/e2e/schedule-features.spec.ts(31,104): error TS7031: Binding element 'request' implicitly has an 'any' type.
tests/e2e/schedule-features.spec.ts(43,106): error TS7031: Binding element 'page' implicitly has an 'any' type.
tests/e2e/schedule-features.spec.ts(53,80): error TS7031: Binding element 'page' implicitly has an 'any' type.
tests/e2e/schedule-features.spec.ts(61,78): error TS7031: Binding element 'page' implicitly has an 'any' type.
tests/e2e/schedule-features.spec.ts(64,117): error TS7031: Binding element 'page' implicitly has an 'any' type.
tests/e2e/schedule-features.spec.ts(64,122): error TS7031: Binding element 'browser' implicitly has an 'any' type.
tests/e2e/schedule-upgrade.spec.ts(1,41): error TS2307: Cannot find module '@playwright/test' or its corresponding type declarations.
tests/e2e/schedule-upgrade.spec.ts(13,25): error TS7031: Binding element 'request' implicitly has an 'any' type.
tests/e2e/schedule-upgrade.spec.ts(14,87): error TS7031: Binding element 'page' implicitly has an 'any' type.
tests/e2e/schedule-upgrade.spec.ts(17,90): error TS7006: Parameter 'buttons' implicitly has an 'any' type.
tests/e2e/schedule-upgrade.spec.ts(17,111): error TS7006: Parameter 'b' implicitly has an 'any' type.
tests/e2e/schedule-upgrade.spec.ts(29,99): error TS7031: Binding element 'page' implicitly has an 'any' type.
tests/e2e/schedule-upgrade.spec.ts(32,23): error TS7006: Parameter 'e' implicitly has an 'any' type.
tests/e2e/schedule-upgrade.spec.ts(34,21): error TS7006: Parameter 'r' implicitly has an 'any' type.
tests/e2e/schedule-upgrade.spec.ts(47,30): error TS7006: Parameter 'e' implicitly has an 'any' type.
tests/e2e/schedule-upgrade.spec.ts(50,85): error TS7031: Binding element 'page' implicitly has an 'any' type.
tests/e2e/schedule-upgrade.spec.ts(62,30): error TS7006: Parameter 'e' implicitly has an 'any' type.
tests/e2e/schedule-upgrade.spec.ts(63,62): error TS7006: Parameter 'e' implicitly has an 'any' type.
tests/e2e/schedule-upgrade.spec.ts(66,83): error TS7031: Binding element 'page' implicitly has an 'any' type.
tests/e2e/schedule-upgrade.spec.ts(75,95): error TS7031: Binding element 'page' implicitly has an 'any' type.
tests/e2e/schedule-upgrade.spec.ts(75,100): error TS7031: Binding element 'browser' implicitly has an 'any' type.
tests/e2e/schedule.spec.ts(1,55): error TS2307: Cannot find module '@playwright/test' or its corresponding type declarations.
tests/e2e/schedule.spec.ts(2,23): error TS2591: Cannot find name 'node:fs/promises'. Do you need to install type definitions for node? Try `npm i --save-dev @types/node` and then add 'node' to the types field in your tsconfig.
tests/e2e/schedule.spec.ts(23,26): error TS7031: Binding element 'request' implicitly has an 'any' type.
tests/e2e/schedule.spec.ts(25,86): error TS7031: Binding element 'page' implicitly has an 'any' type.
tests/e2e/schedule.spec.ts(30,57): error TS7006: Parameter 'e' implicitly has an 'any' type.
tests/e2e/schedule.spec.ts(74,88): error TS7031: Binding element 'page' implicitly has an 'any' type.
tests/e2e/schedule.spec.ts(95,100): error TS7031: Binding element 'page' implicitly has an 'any' type.
tests/e2e/schedule.spec.ts(109,91): error TS7031: Binding element 'page' implicitly has an 'any' type.
tests/e2e/schedule.spec.ts(111,30): error TS7006: Parameter 'r' implicitly has an 'any' type.
tests/e2e/schedule.spec.ts(129,67): error TS7031: Binding element 'page' implicitly has an 'any' type.
tests/e2e/schedule.spec.ts(151,74): error TS7031: Binding element 'browser' implicitly has an 'any' type.
tests/e2e/schedule.spec.ts(151,83): error TS7031: Binding element 'request' implicitly has an 'any' type.
tests/e2e/schedule.spec.ts(181,60): error TS7031: Binding element 'browser' implicitly has an 'any' type.
tests/e2e/schedule.spec.ts(203,91): error TS7031: Binding element 'page' implicitly has an 'any' type.
tests/e2e/schedule.spec.ts(203,97): error TS7031: Binding element 'browser' implicitly has an 'any' type.
tests/e2e/select.ts(1,27): error TS2307: Cannot find module '@playwright/test' or its corresponding type declarations.
tests/filters.test.ts(1,18): error TS2591: Cannot find name 'node:test'. Do you need to install type definitions for node? Try `npm i --save-dev @types/node` and then add 'node' to the types field in your tsconfig.
tests/filters.test.ts(2,20): error TS2591: Cannot find name 'node:assert/strict'. Do you need to install type definitions for node? Try `npm i --save-dev @types/node` and then add 'node' to the types field in your tsconfig.
tests/migration-retry.test.ts(1,18): error TS2591: Cannot find name 'node:test'. Do you need to install type definitions for node? Try `npm i --save-dev @types/node` and then add 'node' to the types field in your tsconfig.
tests/migration-retry.test.ts(2,20): error TS2591: Cannot find name 'node:assert/strict'. Do you need to install type definitions for node? Try `npm i --save-dev @types/node` and then add 'node' to the types field in your tsconfig.
tests/migration-retry.test.ts(3,26): error TS2591: Cannot find name 'node:fs/promises'. Do you need to install type definitions for node? Try `npm i --save-dev @types/node` and then add 'node' to the types field in your tsconfig.
tests/package-009.test.ts(1,18): error TS2591: Cannot find name 'node:test'. Do you need to install type definitions for node? Try `npm i --save-dev @types/node` and then add 'node' to the types field in your tsconfig.
tests/package-009.test.ts(2,20): error TS2591: Cannot find name 'node:assert/strict'. Do you need to install type definitions for node? Try `npm i --save-dev @types/node` and then add 'node' to the types field in your tsconfig.
tests/package-009.test.ts(3,26): error TS2591: Cannot find name 'node:fs/promises'. Do you need to install type definitions for node? Try `npm i --save-dev @types/node` and then add 'node' to the types field in your tsconfig.
tests/package-010.test.ts(1,18): error TS2591: Cannot find name 'node:test'. Do you need to install type definitions for node? Try `npm i --save-dev @types/node` and then add 'node' to the types field in your tsconfig.
tests/package-010.test.ts(2,20): error TS2591: Cannot find name 'node:assert/strict'. Do you need to install type definitions for node? Try `npm i --save-dev @types/node` and then add 'node' to the types field in your tsconfig.
tests/package-011.test.ts(1,18): error TS2591: Cannot find name 'node:test'. Do you need to install type definitions for node? Try `npm i --save-dev @types/node` and then add 'node' to the types field in your tsconfig.
tests/package-011.test.ts(2,20): error TS2591: Cannot find name 'node:assert/strict'. Do you need to install type definitions for node? Try `npm i --save-dev @types/node` and then add 'node' to the types field in your tsconfig.
tests/package-011.test.ts(3,24): error TS2591: Cannot find name 'node:fs/promises'. Do you need to install type definitions for node? Try `npm i --save-dev @types/node` and then add 'node' to the types field in your tsconfig.
tests/package-011.test.ts(21,255): error TS2591: Cannot find name 'Buffer'. Do you need to install type definitions for node? Try `npm i --save-dev @types/node` and then add 'node' to the types field in your tsconfig.
tests/schedule-database.test.ts(1,24): error TS2307: Cannot find module '@electric-sql/pglite' or its corresponding type declarations.
tests/schedule-database.test.ts(2,28): error TS2307: Cannot find module '@electric-sql/pglite/contrib/btree_gist' or its corresponding type declarations.
tests/schedule-database.test.ts(3,18): error TS2591: Cannot find name 'node:test'. Do you need to install type definitions for node? Try `npm i --save-dev @types/node` and then add 'node' to the types field in your tsconfig.
tests/schedule-database.test.ts(4,20): error TS2591: Cannot find name 'node:assert/strict'. Do you need to install type definitions for node? Try `npm i --save-dev @types/node` and then add 'node' to the types field in your tsconfig.
tests/schedule-database.test.ts(5,35): error TS2591: Cannot find name 'node:fs/promises'. Do you need to install type definitions for node? Try `npm i --save-dev @types/node` and then add 'node' to the types field in your tsconfig.
tests/schedule-database.test.ts(10,101): error TS7006: Parameter 't' implicitly has an 'any' type.
tests/schedule-database.test.ts(17,99): error TS7006: Parameter 'n' implicitly has an 'any' type.
tests/schedule-database.test.ts(136,20): error TS18046: 'names' is of type 'unknown'.
tests/schedule-features-database.test.ts(1,24): error TS2307: Cannot find module '@electric-sql/pglite' or its corresponding type declarations.
tests/schedule-features-database.test.ts(2,28): error TS2307: Cannot find module '@electric-sql/pglite/contrib/btree_gist' or its corresponding type declarations.
tests/schedule-features-database.test.ts(3,18): error TS2591: Cannot find name 'node:test'. Do you need to install type definitions for node? Try `npm i --save-dev @types/node` and then add 'node' to the types field in your tsconfig.
tests/schedule-features-database.test.ts(4,20): error TS2591: Cannot find name 'node:assert/strict'. Do you need to install type definitions for node? Try `npm i --save-dev @types/node` and then add 'node' to the types field in your tsconfig.
tests/schedule-features-database.test.ts(5,35): error TS2591: Cannot find name 'node:fs/promises'. Do you need to install type definitions for node? Try `npm i --save-dev @types/node` and then add 'node' to the types field in your tsconfig.
tests/schedule-features-database.test.ts(11,83): error TS7006: Parameter 't' implicitly has an 'any' type.
tests/schedule-features-database.test.ts(18,99): error TS7006: Parameter 'n' implicitly has an 'any' type.
tests/schedule-features-database.test.ts(61,43): error TS7006: Parameter 'l' implicitly has an 'any' type.
tests/schedule-features-database.test.ts(61,72): error TS7006: Parameter 'a' implicitly has an 'any' type.
tests/schedule-features-database.test.ts(61,74): error TS7006: Parameter 'b' implicitly has an 'any' type.
tests/schedule-features-database.test.ts(62,70): error TS7006: Parameter 'l' implicitly has an 'any' type.
tests/schedule-features-database.test.ts(62,116): error TS7006: Parameter 'l' implicitly has an 'any' type.
tests/schedule-features-database.test.ts(67,78): error TS7006: Parameter 'l' implicitly has an 'any' type.
tests/schedule-features-database.test.ts(77,45): error TS7006: Parameter 'l' implicitly has an 'any' type.
tests/schedule-features-database.test.ts(80,49): error TS7006: Parameter 'l' implicitly has an 'any' type.
tests/schedule-features-database.test.ts(80,103): error TS7006: Parameter 'l' implicitly has an 'any' type.
tests/schedule-features-database.test.ts(85,41): error TS7006: Parameter 'l' implicitly has an 'any' type.
tests/schedule-features-database.test.ts(86,41): error TS7006: Parameter 'l' implicitly has an 'any' type.
tests/schedule-features-database.test.ts(88,41): error TS7006: Parameter 'l' implicitly has an 'any' type.
tests/schedule-features-database.test.ts(93,43): error TS7006: Parameter 'l' implicitly has an 'any' type.
tests/schedule-features-database.test.ts(96,42): error TS7006: Parameter 'l' implicitly has an 'any' type.
tests/schedule-features-database.test.ts(109,39): error TS7006: Parameter 'l' implicitly has an 'any' type.
tests/schedule-features-database.test.ts(116,44): error TS7006: Parameter 'l' implicitly has an 'any' type.
tests/schedule-features-database.test.ts(125,46): error TS7006: Parameter 'l' implicitly has an 'any' type.
tests/schedule-features-database.test.ts(131,43): error TS7006: Parameter 'l' implicitly has an 'any' type.
tests/schedule-features-database.test.ts(132,60): error TS7006: Parameter 'l' implicitly has an 'any' type.
tests/schedule-features-database.test.ts(133,63): error TS7006: Parameter 'l' implicitly has an 'any' type.
tests/schedule-features-database.test.ts(134,43): error TS7006: Parameter 'l' implicitly has an 'any' type.
tests/schedule-features-database.test.ts(134,58): error TS7006: Parameter 'c' implicitly has an 'any' type.
tests/schedule-features-database.test.ts(134,81): error TS7006: Parameter 'a' implicitly has an 'any' type.
tests/schedule-features-database.test.ts(134,83): error TS7006: Parameter 'b' implicitly has an 'any' type.
tests/schedule-features-database.test.ts(146,43): error TS7006: Parameter 'l' implicitly has an 'any' type.
tests/schedule-features-database.test.ts(154,39): error TS7006: Parameter 'l' implicitly has an 'any' type.
tests/schedule-features-database.test.ts(154,123): error TS7006: Parameter 'l' implicitly has an 'any' type.
tests/schedule-features-database.test.ts(158,41): error TS7006: Parameter 'l' implicitly has an 'any' type.
tests/schedule-features-database.test.ts(166,153): error TS7006: Parameter 'l' implicitly has an 'any' type.
tests/schedule-features-database.test.ts(175,41): error TS7006: Parameter 'l' implicitly has an 'any' type.
tests/schedule-operations.test.ts(1,18): error TS2591: Cannot find name 'node:test'. Do you need to install type definitions for node? Try `npm i --save-dev @types/node` and then add 'node' to the types field in your tsconfig.
tests/schedule-operations.test.ts(2,20): error TS2591: Cannot find name 'node:assert/strict'. Do you need to install type definitions for node? Try `npm i --save-dev @types/node` and then add 'node' to the types field in your tsconfig.
tests/schedule-time.test.ts(1,18): error TS2591: Cannot find name 'node:test'. Do you need to install type definitions for node? Try `npm i --save-dev @types/node` and then add 'node' to the types field in your tsconfig.
tests/schedule-time.test.ts(2,20): error TS2591: Cannot find name 'node:assert/strict'. Do you need to install type definitions for node? Try `npm i --save-dev @types/node` and then add 'node' to the types field in your tsconfig.
tests/source-contract.test.ts(1,18): error TS2591: Cannot find name 'node:test'. Do you need to install type definitions for node? Try `npm i --save-dev @types/node` and then add 'node' to the types field in your tsconfig.
tests/source-contract.test.ts(2,20): error TS2591: Cannot find name 'node:assert/strict'. Do you need to install type definitions for node? Try `npm i --save-dev @types/node` and then add 'node' to the types field in your tsconfig.
tests/source-contract.test.ts(3,35): error TS2591: Cannot find name 'node:fs/promises'. Do you need to install type definitions for node? Try `npm i --save-dev @types/node` and then add 'node' to the types field in your tsconfig.
tests/source-contract.test.ts(14,35): error TS7006: Parameter 'f' implicitly has an 'any' type.
tests/validation.test.ts(1,18): error TS2591: Cannot find name 'node:test'. Do you need to install type definitions for node? Try `npm i --save-dev @types/node` and then add 'node' to the types field in your tsconfig.
tests/validation.test.ts(2,20): error TS2591: Cannot find name 'node:assert/strict'. Do you need to install type definitions for node? Try `npm i --save-dev @types/node` and then add 'node' to the types field in your tsconfig.
