
> tutorgate@1.0.0 typecheck
> tsc --noEmit

next.config.ts(1,33): error TS2307: Cannot find module 'next' or its corresponding type declarations.
playwright.config.ts(1,30): error TS2307: Cannot find module '@playwright/test' or its corresponding type declarations.
src/app/(public)/apply/page.tsx(1,18): error TS2307: Cannot find module 'next/link' or its corresponding type declarations.
src/app/(public)/apply/page.tsx(42,5): error TS7026: JSX element implicitly has type 'any' because no interface 'JSX.IntrinsicElements' exists.
src/app/(public)/apply/page.tsx(42,5): error TS2875: This JSX tag requires the module path 'react/jsx-runtime' to exist, but none could be found. Make sure you have types for the appropriate package installed.
src/app/(public)/apply/page.tsx(43,7): error TS7026: JSX element implicitly has type 'any' because no interface 'JSX.IntrinsicElements' exists.
src/app/(public)/apply/page.tsx(44,9): error TS7026: JSX element implicitly has type 'any' because no interface 'JSX.IntrinsicElements' exists.
src/app/(public)/apply/page.tsx(44,52): error TS7026: JSX element implicitly has type 'any' because no interface 'JSX.IntrinsicElements' exists.
src/app/(public)/apply/page.tsx(45,9): error TS7026: JSX element implicitly has type 'any' because no interface 'JSX.IntrinsicElements' exists.
src/app/(public)/apply/page.tsx(45,31): error TS7026: JSX element implicitly has type 'any' because no interface 'JSX.IntrinsicElements' exists.
src/app/(public)/apply/page.tsx(46,9): error TS7026: JSX element implicitly has type 'any' because no interface 'JSX.IntrinsicElements' exists.
src/app/(public)/apply/page.tsx(46,38): error TS7026: JSX element implicitly has type 'any' because no interface 'JSX.IntrinsicElements' exists.
src/app/(public)/apply/page.tsx(47,7): error TS7026: JSX element implicitly has type 'any' because no interface 'JSX.IntrinsicElements' exists.
src/app/(public)/apply/page.tsx(49,7): error TS7026: JSX element implicitly has type 'any' because no interface 'JSX.IntrinsicElements' exists.
src/app/(public)/apply/page.tsx(50,9): error TS7026: JSX element implicitly has type 'any' because no interface 'JSX.IntrinsicElements' exists.
src/app/(public)/apply/page.tsx(50,32): error TS7026: JSX element implicitly has type 'any' because no interface 'JSX.IntrinsicElements' exists.
src/app/(public)/apply/page.tsx(52,7): error TS7026: JSX element implicitly has type 'any' because no interface 'JSX.IntrinsicElements' exists.
src/app/(public)/apply/page.tsx(53,5): error TS7026: JSX element implicitly has type 'any' because no interface 'JSX.IntrinsicElements' exists.
src/app/(public)/forgot-password/page.tsx(1,18): error TS2307: Cannot find module 'next/link' or its corresponding type declarations.
src/app/(public)/forgot-password/page.tsx(2,37): error TS2307: Cannot find module 'lucide-react' or its corresponding type declarations.
src/app/(public)/forgot-password/page.tsx(7,5): error TS7026: JSX element implicitly has type 'any' because no interface 'JSX.IntrinsicElements' exists.
src/app/(public)/forgot-password/page.tsx(7,5): error TS2875: This JSX tag requires the module path 'react/jsx-runtime' to exist, but none could be found. Make sure you have types for the appropriate package installed.
src/app/(public)/forgot-password/page.tsx(12,7): error TS7026: JSX element implicitly has type 'any' because no interface 'JSX.IntrinsicElements' exists.
src/app/(public)/forgot-password/page.tsx(13,9): error TS7026: JSX element implicitly has type 'any' because no interface 'JSX.IntrinsicElements' exists.
src/app/(public)/forgot-password/page.tsx(15,9): error TS7026: JSX element implicitly has type 'any' because no interface 'JSX.IntrinsicElements' exists.
src/app/(public)/forgot-password/page.tsx(16,9): error TS7026: JSX element implicitly has type 'any' because no interface 'JSX.IntrinsicElements' exists.
src/app/(public)/forgot-password/page.tsx(16,27): error TS7026: JSX element implicitly has type 'any' because no interface 'JSX.IntrinsicElements' exists.
src/app/(public)/forgot-password/page.tsx(17,9): error TS7026: JSX element implicitly has type 'any' because no interface 'JSX.IntrinsicElements' exists.
src/app/(public)/forgot-password/page.tsx(20,9): error TS7026: JSX element implicitly has type 'any' because no interface 'JSX.IntrinsicElements' exists.
src/app/(public)/forgot-password/page.tsx(21,7): error TS7026: JSX element implicitly has type 'any' because no interface 'JSX.IntrinsicElements' exists.
src/app/(public)/forgot-password/page.tsx(23,5): error TS7026: JSX element implicitly has type 'any' because no interface 'JSX.IntrinsicElements' exists.
src/app/(public)/layout.tsx(2,43): error TS2307: Cannot find module 'lucide-react' or its corresponding type declarations.
src/app/(public)/layout.tsx(3,18): error TS2307: Cannot find module 'next/link' or its corresponding type declarations.
src/app/(public)/layout.tsx(7,13): error TS2503: Cannot find namespace 'React'.
src/app/(public)/layout.tsx(10,5): error TS7026: JSX element implicitly has type 'any' because no interface 'JSX.IntrinsicElements' exists.
src/app/(public)/layout.tsx(10,5): error TS2875: This JSX tag requires the module path 'react/jsx-runtime' to exist, but none could be found. Make sure you have types for the appropriate package installed.
src/app/(public)/layout.tsx(11,7): error TS7026: JSX element implicitly has type 'any' because no interface 'JSX.IntrinsicElements' exists.
src/app/(public)/layout.tsx(17,7): error TS7026: JSX element implicitly has type 'any' because no interface 'JSX.IntrinsicElements' exists.
src/app/(public)/layout.tsx(18,7): error TS7026: JSX element implicitly has type 'any' because no interface 'JSX.IntrinsicElements' exists.
src/app/(public)/layout.tsx(18,47): error TS7026: JSX element implicitly has type 'any' because no interface 'JSX.IntrinsicElements' exists.
src/app/(public)/layout.tsx(19,7): error TS7026: JSX element implicitly has type 'any' because no interface 'JSX.IntrinsicElements' exists.
src/app/(public)/layout.tsx(20,9): error TS7026: JSX element implicitly has type 'any' because no interface 'JSX.IntrinsicElements' exists.
src/app/(public)/layout.tsx(20,53): error TS7026: JSX element implicitly has type 'any' because no interface 'JSX.IntrinsicElements' exists.
src/app/(public)/layout.tsx(21,9): error TS7026: JSX element implicitly has type 'any' because no interface 'JSX.IntrinsicElements' exists.
src/app/(public)/layout.tsx(24,9): error TS7026: JSX element implicitly has type 'any' because no interface 'JSX.IntrinsicElements' exists.
src/app/(public)/layout.tsx(25,7): error TS7026: JSX element implicitly has type 'any' because no interface 'JSX.IntrinsicElements' exists.
src/app/(public)/layout.tsx(26,5): error TS7026: JSX element implicitly has type 'any' because no interface 'JSX.IntrinsicElements' exists.
src/app/(public)/login/page.tsx(1,18): error TS2307: Cannot find module 'next/link' or its corresponding type declarations.
src/app/(public)/login/page.tsx(3,37): error TS2307: Cannot find module 'lucide-react' or its corresponding type declarations.
src/app/(public)/login/page.tsx(7,5): error TS7026: JSX element implicitly has type 'any' because no interface 'JSX.IntrinsicElements' exists.
src/app/(public)/login/page.tsx(7,5): error TS2875: This JSX tag requires the module path 'react/jsx-runtime' to exist, but none could be found. Make sure you have types for the appropriate package installed.
src/app/(public)/login/page.tsx(8,7): error TS7026: JSX element implicitly has type 'any' because no interface 'JSX.IntrinsicElements' exists.
src/app/(public)/login/page.tsx(9,9): error TS7026: JSX element implicitly has type 'any' because no interface 'JSX.IntrinsicElements' exists.
src/app/(public)/login/page.tsx(11,9): error TS7026: JSX element implicitly has type 'any' because no interface 'JSX.IntrinsicElements' exists.
src/app/(public)/login/page.tsx(12,9): error TS7026: JSX element implicitly has type 'any' because no interface 'JSX.IntrinsicElements' exists.
src/app/(public)/login/page.tsx(12,49): error TS7026: JSX element implicitly has type 'any' because no interface 'JSX.IntrinsicElements' exists.
src/app/(public)/login/page.tsx(13,9): error TS7026: JSX element implicitly has type 'any' because no interface 'JSX.IntrinsicElements' exists.
src/app/(public)/login/page.tsx(13,30): error TS7026: JSX element implicitly has type 'any' because no interface 'JSX.IntrinsicElements' exists.
src/app/(public)/login/page.tsx(14,9): error TS7026: JSX element implicitly has type 'any' because no interface 'JSX.IntrinsicElements' exists.
src/app/(public)/login/page.tsx(14,43): error TS7026: JSX element implicitly has type 'any' because no interface 'JSX.IntrinsicElements' exists.
src/app/(public)/login/page.tsx(15,7): error TS7026: JSX element implicitly has type 'any' because no interface 'JSX.IntrinsicElements' exists.
src/app/(public)/login/page.tsx(17,7): error TS7026: JSX element implicitly has type 'any' because no interface 'JSX.IntrinsicElements' exists.
src/app/(public)/login/page.tsx(18,9): error TS7026: JSX element implicitly has type 'any' because no interface 'JSX.IntrinsicElements' exists.
src/app/(public)/login/page.tsx(18,32): error TS7026: JSX element implicitly has type 'any' because no interface 'JSX.IntrinsicElements' exists.
src/app/(public)/login/page.tsx(23,7): error TS7026: JSX element implicitly has type 'any' because no interface 'JSX.IntrinsicElements' exists.
src/app/(public)/login/page.tsx(24,5): error TS7026: JSX element implicitly has type 'any' because no interface 'JSX.IntrinsicElements' exists.
src/app/(public)/register/page.tsx(8,10): error TS2875: This JSX tag requires the module path 'react/jsx-runtime' to exist, but none could be found. Make sure you have types for the appropriate package installed.
src/app/(public)/reset-password/page.tsx(8,10): error TS2875: This JSX tag requires the module path 'react/jsx-runtime' to exist, but none could be found. Make sure you have types for the appropriate package installed.
src/app/admin/layout.tsx(3,58): error TS2503: Cannot find namespace 'React'.
src/app/admin/layout.tsx(4,10): error TS2875: This JSX tag requires the module path 'react/jsx-runtime' to exist, but none could be found. Make sure you have types for the appropriate package installed.
src/app/admin/statistics/page.tsx(7,10): error TS2875: This JSX tag requires the module path 'react/jsx-runtime' to exist, but none could be found. Make sure you have types for the appropriate package installed.
src/app/admin/students/page.tsx(8,5): error TS2875: This JSX tag requires the module path 'react/jsx-runtime' to exist, but none could be found. Make sure you have types for the appropriate package installed.
src/app/admin/tutors/page.tsx(8,5): error TS2875: This JSX tag requires the module path 'react/jsx-runtime' to exist, but none could be found. Make sure you have types for the appropriate package installed.
src/app/api/telegram/webhook/route.ts(1,43): error TS2307: Cannot find module 'next/server' or its corresponding type declarations.
src/app/api/telegram/webhook/route.ts(2,19): error TS2307: Cannot find module 'zod' or its corresponding type declarations.
src/app/api/telegram/webhook/route.ts(25,6): error TS2591: Cannot find name 'process'. Do you need to install type definitions for node? Try `npm i --save-dev @types/node` and then add 'node' to the types field in your tsconfig.
src/app/error.tsx(5,5): error TS7026: JSX element implicitly has type 'any' because no interface 'JSX.IntrinsicElements' exists.
src/app/error.tsx(5,5): error TS2875: This JSX tag requires the module path 'react/jsx-runtime' to exist, but none could be found. Make sure you have types for the appropriate package installed.
src/app/error.tsx(6,7): error TS7026: JSX element implicitly has type 'any' because no interface 'JSX.IntrinsicElements' exists.
src/app/error.tsx(6,40): error TS7026: JSX element implicitly has type 'any' because no interface 'JSX.IntrinsicElements' exists.
src/app/error.tsx(7,7): error TS7026: JSX element implicitly has type 'any' because no interface 'JSX.IntrinsicElements' exists.
src/app/error.tsx(7,52): error TS7026: JSX element implicitly has type 'any' because no interface 'JSX.IntrinsicElements' exists.
src/app/error.tsx(11,5): error TS7026: JSX element implicitly has type 'any' because no interface 'JSX.IntrinsicElements' exists.
src/app/layout.tsx(1,31): error TS2307: Cannot find module 'next' or its corresponding type declarations.
src/app/layout.tsx(2,23): error TS2307: Cannot find module 'next/font/google' or its corresponding type declarations.
src/app/layout.tsx(3,8): error TS2882: Cannot find module or type declarations for side-effect import of './globals.css'.
src/app/layout.tsx(19,25): error TS2503: Cannot find namespace 'React'.
src/app/layout.tsx(21,5): error TS7026: JSX element implicitly has type 'any' because no interface 'JSX.IntrinsicElements' exists.
src/app/layout.tsx(21,5): error TS2875: This JSX tag requires the module path 'react/jsx-runtime' to exist, but none could be found. Make sure you have types for the appropriate package installed.
src/app/layout.tsx(22,7): error TS7026: JSX element implicitly has type 'any' because no interface 'JSX.IntrinsicElements' exists.
src/app/layout.tsx(22,61): error TS7026: JSX element implicitly has type 'any' because no interface 'JSX.IntrinsicElements' exists.
src/app/layout.tsx(23,5): error TS7026: JSX element implicitly has type 'any' because no interface 'JSX.IntrinsicElements' exists.
src/app/not-found.tsx(1,18): error TS2307: Cannot find module 'next/link' or its corresponding type declarations.
src/app/not-found.tsx(4,5): error TS7026: JSX element implicitly has type 'any' because no interface 'JSX.IntrinsicElements' exists.
src/app/not-found.tsx(4,5): error TS2875: This JSX tag requires the module path 'react/jsx-runtime' to exist, but none could be found. Make sure you have types for the appropriate package installed.
src/app/not-found.tsx(5,7): error TS7026: JSX element implicitly has type 'any' because no interface 'JSX.IntrinsicElements' exists.
src/app/not-found.tsx(5,36): error TS7026: JSX element implicitly has type 'any' because no interface 'JSX.IntrinsicElements' exists.
src/app/not-found.tsx(6,7): error TS7026: JSX element implicitly has type 'any' because no interface 'JSX.IntrinsicElements' exists.
src/app/not-found.tsx(6,30): error TS7026: JSX element implicitly has type 'any' because no interface 'JSX.IntrinsicElements' exists.
src/app/not-found.tsx(7,7): error TS7026: JSX element implicitly has type 'any' because no interface 'JSX.IntrinsicElements' exists.
src/app/not-found.tsx(7,49): error TS7026: JSX element implicitly has type 'any' because no interface 'JSX.IntrinsicElements' exists.
src/app/not-found.tsx(11,5): error TS7026: JSX element implicitly has type 'any' because no interface 'JSX.IntrinsicElements' exists.
src/app/page.tsx(1,26): error TS2307: Cannot find module 'next/navigation' or its corresponding type declarations.
src/app/student/layout.tsx(3,58): error TS2503: Cannot find namespace 'React'.
src/app/student/layout.tsx(4,10): error TS2875: This JSX tag requires the module path 'react/jsx-runtime' to exist, but none could be found. Make sure you have types for the appropriate package installed.
src/app/student/tutors/page.tsx(8,5): error TS2875: This JSX tag requires the module path 'react/jsx-runtime' to exist, but none could be found. Make sure you have types for the appropriate package installed.
src/app/tutor/layout.tsx(3,58): error TS2503: Cannot find namespace 'React'.
src/app/tutor/layout.tsx(4,10): error TS2875: This JSX tag requires the module path 'react/jsx-runtime' to exist, but none could be found. Make sure you have types for the appropriate package installed.
src/app/tutor/statistics/page.tsx(7,10): error TS2875: This JSX tag requires the module path 'react/jsx-runtime' to exist, but none could be found. Make sure you have types for the appropriate package installed.
src/app/tutor/students/page.tsx(8,5): error TS2875: This JSX tag requires the module path 'react/jsx-runtime' to exist, but none could be found. Make sure you have types for the appropriate package installed.
src/components/forms/admin-forms.tsx(4,42): error TS2307: Cannot find module 'react' or its corresponding type declarations.
src/components/forms/admin-forms.tsx(5,25): error TS2307: Cannot find module 'react-hook-form' or its corresponding type declarations.
src/components/forms/admin-forms.tsx(6,65): error TS2307: Cannot find module 'lucide-react' or its corresponding type declarations.
src/components/forms/admin-forms.tsx(27,5): error TS2875: This JSX tag requires the module path 'react/jsx-runtime' to exist, but none could be found. Make sure you have types for the appropriate package installed.
src/components/forms/admin-forms.tsx(32,13): error TS7026: JSX element implicitly has type 'any' because no interface 'JSX.IntrinsicElements' exists.
src/components/forms/admin-forms.tsx(34,13): error TS7026: JSX element implicitly has type 'any' because no interface 'JSX.IntrinsicElements' exists.
src/components/forms/admin-forms.tsx(63,9): error TS7026: JSX element implicitly has type 'any' because no interface 'JSX.IntrinsicElements' exists.
src/components/forms/admin-forms.tsx(64,11): error TS7026: JSX element implicitly has type 'any' because no interface 'JSX.IntrinsicElements' exists.
src/components/forms/admin-forms.tsx(65,11): error TS7026: JSX element implicitly has type 'any' because no interface 'JSX.IntrinsicElements' exists.
src/components/forms/admin-forms.tsx(66,11): error TS7026: JSX element implicitly has type 'any' because no interface 'JSX.IntrinsicElements' exists.
src/components/forms/admin-forms.tsx(70,17): error TS7026: JSX element implicitly has type 'any' because no interface 'JSX.IntrinsicElements' exists.
src/components/forms/admin-forms.tsx(74,19): error TS7026: JSX element implicitly has type 'any' because no interface 'JSX.IntrinsicElements' exists.
src/components/forms/admin-forms.tsx(81,17): error TS7026: JSX element implicitly has type 'any' because no interface 'JSX.IntrinsicElements' exists.
src/components/forms/admin-forms.tsx(83,11): error TS7026: JSX element implicitly has type 'any' because no interface 'JSX.IntrinsicElements' exists.
src/components/forms/admin-forms.tsx(84,11): error TS7026: JSX element implicitly has type 'any' because no interface 'JSX.IntrinsicElements' exists.
src/components/forms/admin-forms.tsx(87,11): error TS7026: JSX element implicitly has type 'any' because no interface 'JSX.IntrinsicElements' exists.
src/components/forms/admin-forms.tsx(92,9): error TS7026: JSX element implicitly has type 'any' because no interface 'JSX.IntrinsicElements' exists.
src/components/forms/admin-forms.tsx(131,9): error TS7026: JSX element implicitly has type 'any' because no interface 'JSX.IntrinsicElements' exists.
src/components/forms/admin-forms.tsx(133,13): error TS7026: JSX element implicitly has type 'any' because no interface 'JSX.IntrinsicElements' exists.
src/components/forms/admin-forms.tsx(134,15): error TS7026: JSX element implicitly has type 'any' because no interface 'JSX.IntrinsicElements' exists.
src/components/forms/admin-forms.tsx(135,17): error TS7026: JSX element implicitly has type 'any' because no interface 'JSX.IntrinsicElements' exists.
src/components/forms/admin-forms.tsx(137,17): error TS7026: JSX element implicitly has type 'any' because no interface 'JSX.IntrinsicElements' exists.
src/components/forms/admin-forms.tsx(138,17): error TS7026: JSX element implicitly has type 'any' because no interface 'JSX.IntrinsicElements' exists.
src/components/forms/admin-forms.tsx(140,17): error TS7026: JSX element implicitly has type 'any' because no interface 'JSX.IntrinsicElements' exists.
src/components/forms/admin-forms.tsx(141,15): error TS7026: JSX element implicitly has type 'any' because no interface 'JSX.IntrinsicElements' exists.
src/components/forms/admin-forms.tsx(143,13): error TS7026: JSX element implicitly has type 'any' because no interface 'JSX.IntrinsicElements' exists.
src/components/forms/admin-forms.tsx(145,9): error TS7026: JSX element implicitly has type 'any' because no interface 'JSX.IntrinsicElements' exists.
src/components/forms/admin-forms.tsx(146,9): error TS7026: JSX element implicitly has type 'any' because no interface 'JSX.IntrinsicElements' exists.
src/components/forms/admin-forms.tsx(147,11): error TS7026: JSX element implicitly has type 'any' because no interface 'JSX.IntrinsicElements' exists.
src/components/forms/admin-forms.tsx(148,11): error TS7026: JSX element implicitly has type 'any' because no interface 'JSX.IntrinsicElements' exists.
src/components/forms/admin-forms.tsx(157,15): error TS7026: JSX element implicitly has type 'any' because no interface 'JSX.IntrinsicElements' exists.
src/components/forms/admin-forms.tsx(159,15): error TS7026: JSX element implicitly has type 'any' because no interface 'JSX.IntrinsicElements' exists.
src/components/forms/admin-forms.tsx(163,19): error TS7026: JSX element implicitly has type 'any' because no interface 'JSX.IntrinsicElements' exists.
src/components/forms/admin-forms.tsx(165,19): error TS7026: JSX element implicitly has type 'any' because no interface 'JSX.IntrinsicElements' exists.
src/components/forms/admin-forms.tsx(178,15): error TS7026: JSX element implicitly has type 'any' because no interface 'JSX.IntrinsicElements' exists.
src/components/forms/admin-forms.tsx(182,15): error TS7026: JSX element implicitly has type 'any' because no interface 'JSX.IntrinsicElements' exists.
src/components/forms/admin-forms.tsx(184,17): error TS7026: JSX element implicitly has type 'any' because no interface 'JSX.IntrinsicElements' exists.
src/components/forms/admin-forms.tsx(186,17): error TS7026: JSX element implicitly has type 'any' because no interface 'JSX.IntrinsicElements' exists.
src/components/forms/admin-forms.tsx(190,11): error TS7026: JSX element implicitly has type 'any' because no interface 'JSX.IntrinsicElements' exists.
src/components/forms/admin-forms.tsx(192,11): error TS7026: JSX element implicitly has type 'any' because no interface 'JSX.IntrinsicElements' exists.
src/components/forms/admin-forms.tsx(198,9): error TS7026: JSX element implicitly has type 'any' because no interface 'JSX.IntrinsicElements' exists.
src/components/forms/admin-forms.tsx(209,5): error TS7026: JSX element implicitly has type 'any' because no interface 'JSX.IntrinsicElements' exists.
src/components/forms/admin-forms.tsx(210,7): error TS7026: JSX element implicitly has type 'any' because no interface 'JSX.IntrinsicElements' exists.
src/components/forms/admin-forms.tsx(211,7): error TS7026: JSX element implicitly has type 'any' because no interface 'JSX.IntrinsicElements' exists.
src/components/forms/admin-forms.tsx(222,5): error TS7026: JSX element implicitly has type 'any' because no interface 'JSX.IntrinsicElements' exists.
src/components/forms/admin-forms.tsx(232,5): error TS7026: JSX element implicitly has type 'any' because no interface 'JSX.IntrinsicElements' exists.
src/components/forms/admin-forms.tsx(233,7): error TS7026: JSX element implicitly has type 'any' because no interface 'JSX.IntrinsicElements' exists.
src/components/forms/admin-forms.tsx(239,9): error TS7026: JSX element implicitly has type 'any' because no interface 'JSX.IntrinsicElements' exists.
src/components/forms/admin-forms.tsx(240,11): error TS7026: JSX element implicitly has type 'any' because no interface 'JSX.IntrinsicElements' exists.
src/components/forms/admin-forms.tsx(249,11): error TS7026: JSX element implicitly has type 'any' because no interface 'JSX.IntrinsicElements' exists.
src/components/forms/admin-forms.tsx(249,24): error TS7026: JSX element implicitly has type 'any' because no interface 'JSX.IntrinsicElements' exists.
src/components/forms/admin-forms.tsx(250,9): error TS7026: JSX element implicitly has type 'any' because no interface 'JSX.IntrinsicElements' exists.
src/components/forms/admin-forms.tsx(257,5): error TS7026: JSX element implicitly has type 'any' because no interface 'JSX.IntrinsicElements' exists.
src/components/forms/admin-forms.tsx(266,5): error TS7026: JSX element implicitly has type 'any' because no interface 'JSX.IntrinsicElements' exists.
src/components/forms/admin-forms.tsx(267,7): error TS7026: JSX element implicitly has type 'any' because no interface 'JSX.IntrinsicElements' exists.
src/components/forms/admin-forms.tsx(269,9): error TS7026: JSX element implicitly has type 'any' because no interface 'JSX.IntrinsicElements' exists.
src/components/forms/admin-forms.tsx(270,11): error TS7026: JSX element implicitly has type 'any' because no interface 'JSX.IntrinsicElements' exists.
src/components/forms/admin-forms.tsx(281,9): error TS7026: JSX element implicitly has type 'any' because no interface 'JSX.IntrinsicElements' exists.
src/components/forms/admin-forms.tsx(284,5): error TS7026: JSX element implicitly has type 'any' because no interface 'JSX.IntrinsicElements' exists.
src/components/forms/admin-forms.tsx(308,9): error TS7026: JSX element implicitly has type 'any' because no interface 'JSX.IntrinsicElements' exists.
src/components/forms/admin-forms.tsx(309,11): error TS7026: JSX element implicitly has type 'any' because no interface 'JSX.IntrinsicElements' exists.
src/components/forms/admin-forms.tsx(310,11): error TS7026: JSX element implicitly has type 'any' because no interface 'JSX.IntrinsicElements' exists.
src/components/forms/admin-forms.tsx(315,9): error TS7026: JSX element implicitly has type 'any' because no interface 'JSX.IntrinsicElements' exists.
src/components/forms/application-form.tsx(4,42): error TS2307: Cannot find module 'react' or its corresponding type declarations.
src/components/forms/application-form.tsx(12,8): error TS2307: Cannot find module 'lucide-react' or its corresponding type declarations.
src/components/forms/application-form.tsx(33,7): error TS7026: JSX element implicitly has type 'any' because no interface 'JSX.IntrinsicElements' exists.
src/components/forms/application-form.tsx(33,7): error TS2875: This JSX tag requires the module path 'react/jsx-runtime' to exist, but none could be found. Make sure you have types for the appropriate package installed.
src/components/forms/application-form.tsx(34,9): error TS7026: JSX element implicitly has type 'any' because no interface 'JSX.IntrinsicElements' exists.
src/components/forms/application-form.tsx(36,9): error TS7026: JSX element implicitly has type 'any' because no interface 'JSX.IntrinsicElements' exists.
src/components/forms/application-form.tsx(37,9): error TS7026: JSX element implicitly has type 'any' because no interface 'JSX.IntrinsicElements' exists.
src/components/forms/application-form.tsx(37,47): error TS7026: JSX element implicitly has type 'any' because no interface 'JSX.IntrinsicElements' exists.
src/components/forms/application-form.tsx(38,9): error TS7026: JSX element implicitly has type 'any' because no interface 'JSX.IntrinsicElements' exists.
src/components/forms/application-form.tsx(38,33): error TS7026: JSX element implicitly has type 'any' because no interface 'JSX.IntrinsicElements' exists.
src/components/forms/application-form.tsx(39,9): error TS7026: JSX element implicitly has type 'any' because no interface 'JSX.IntrinsicElements' exists.
src/components/forms/application-form.tsx(39,27): error TS7026: JSX element implicitly has type 'any' because no interface 'JSX.IntrinsicElements' exists.
src/components/forms/application-form.tsx(41,11): error TS7026: JSX element implicitly has type 'any' because no interface 'JSX.IntrinsicElements' exists.
src/components/forms/application-form.tsx(44,11): error TS7026: JSX element implicitly has type 'any' because no interface 'JSX.IntrinsicElements' exists.
src/components/forms/application-form.tsx(46,9): error TS7026: JSX element implicitly has type 'any' because no interface 'JSX.IntrinsicElements' exists.
src/components/forms/application-form.tsx(48,9): error TS7026: JSX element implicitly has type 'any' because no interface 'JSX.IntrinsicElements' exists.
src/components/forms/application-form.tsx(49,7): error TS7026: JSX element implicitly has type 'any' because no interface 'JSX.IntrinsicElements' exists.
src/components/forms/application-form.tsx(53,7): error TS7026: JSX element implicitly has type 'any' because no interface 'JSX.IntrinsicElements' exists.
src/components/forms/application-form.tsx(54,9): error TS7026: JSX element implicitly has type 'any' because no interface 'JSX.IntrinsicElements' exists.
src/components/forms/application-form.tsx(61,9): error TS7026: JSX element implicitly has type 'any' because no interface 'JSX.IntrinsicElements' exists.
src/components/forms/application-form.tsx(62,9): error TS7026: JSX element implicitly has type 'any' because no interface 'JSX.IntrinsicElements' exists.
src/components/forms/application-form.tsx(69,9): error TS7026: JSX element implicitly has type 'any' because no interface 'JSX.IntrinsicElements' exists.
src/components/forms/application-form.tsx(70,7): error TS7026: JSX element implicitly has type 'any' because no interface 'JSX.IntrinsicElements' exists.
src/components/forms/application-form.tsx(71,7): error TS7026: JSX element implicitly has type 'any' because no interface 'JSX.IntrinsicElements' exists.
src/components/forms/application-form.tsx(72,9): error TS7026: JSX element implicitly has type 'any' because no interface 'JSX.IntrinsicElements' exists.
src/components/forms/application-form.tsx(74,11): error TS7026: JSX element implicitly has type 'any' because no interface 'JSX.IntrinsicElements' exists.
src/components/forms/application-form.tsx(89,11): error TS7026: JSX element implicitly has type 'any' because no interface 'JSX.IntrinsicElements' exists.
src/components/forms/application-form.tsx(90,13): error TS7026: JSX element implicitly has type 'any' because no interface 'JSX.IntrinsicElements' exists.
src/components/forms/application-form.tsx(90,20): error TS7026: JSX element implicitly has type 'any' because no interface 'JSX.IntrinsicElements' exists.
src/components/forms/application-form.tsx(91,13): error TS7026: JSX element implicitly has type 'any' because no interface 'JSX.IntrinsicElements' exists.
src/components/forms/application-form.tsx(99,11): error TS7026: JSX element implicitly has type 'any' because no interface 'JSX.IntrinsicElements' exists.
src/components/forms/application-form.tsx(101,9): error TS7026: JSX element implicitly has type 'any' because no interface 'JSX.IntrinsicElements' exists.
src/components/forms/application-form.tsx(102,11): error TS7026: JSX element implicitly has type 'any' because no interface 'JSX.IntrinsicElements' exists.
src/components/forms/application-form.tsx(103,21): error TS7026: JSX element implicitly has type 'any' because no interface 'JSX.IntrinsicElements' exists.
src/components/forms/application-form.tsx(103,73): error TS7026: JSX element implicitly has type 'any' because no interface 'JSX.IntrinsicElements' exists.
src/components/forms/application-form.tsx(104,11): error TS7026: JSX element implicitly has type 'any' because no interface 'JSX.IntrinsicElements' exists.
src/components/forms/application-form.tsx(105,11): error TS7026: JSX element implicitly has type 'any' because no interface 'JSX.IntrinsicElements' exists.
src/components/forms/application-form.tsx(107,15): error TS7026: JSX element implicitly has type 'any' because no interface 'JSX.IntrinsicElements' exists.
src/components/forms/application-form.tsx(108,17): error TS7026: JSX element implicitly has type 'any' because no interface 'JSX.IntrinsicElements' exists.
src/components/forms/application-form.tsx(109,17): error TS7026: JSX element implicitly has type 'any' because no interface 'JSX.IntrinsicElements' exists.
src/components/forms/application-form.tsx(112,17): error TS7026: JSX element implicitly has type 'any' because no interface 'JSX.IntrinsicElements' exists.
src/components/forms/application-form.tsx(113,15): error TS7026: JSX element implicitly has type 'any' because no interface 'JSX.IntrinsicElements' exists.
src/components/forms/application-form.tsx(115,11): error TS7026: JSX element implicitly has type 'any' because no interface 'JSX.IntrinsicElements' exists.
src/components/forms/application-form.tsx(117,13): error TS7026: JSX element implicitly has type 'any' because no interface 'JSX.IntrinsicElements' exists.
src/components/forms/application-form.tsx(121,13): error TS7026: JSX element implicitly has type 'any' because no interface 'JSX.IntrinsicElements' exists.
src/components/forms/application-form.tsx(124,13): error TS7026: JSX element implicitly has type 'any' because no interface 'JSX.IntrinsicElements' exists.
src/components/forms/application-form.tsx(126,13): error TS7026: JSX element implicitly has type 'any' because no interface 'JSX.IntrinsicElements' exists.
src/components/forms/application-form.tsx(128,9): error TS7026: JSX element implicitly has type 'any' because no interface 'JSX.IntrinsicElements' exists.
src/components/forms/application-form.tsx(141,15): error TS7026: JSX element implicitly has type 'any' because no interface 'JSX.IntrinsicElements' exists.
src/components/forms/application-form.tsx(143,15): error TS7026: JSX element implicitly has type 'any' because no interface 'JSX.IntrinsicElements' exists.
src/components/forms/application-form.tsx(145,17): error TS7026: JSX element implicitly has type 'any' because no interface 'JSX.IntrinsicElements' exists.
src/components/forms/application-form.tsx(145,36): error TS7026: JSX element implicitly has type 'any' because no interface 'JSX.IntrinsicElements' exists.
src/components/forms/application-form.tsx(161,15): error TS7026: JSX element implicitly has type 'any' because no interface 'JSX.IntrinsicElements' exists.
src/components/forms/application-form.tsx(163,15): error TS7026: JSX element implicitly has type 'any' because no interface 'JSX.IntrinsicElements' exists.
src/components/forms/application-form.tsx(165,17): error TS7026: JSX element implicitly has type 'any' because no interface 'JSX.IntrinsicElements' exists.
src/components/forms/application-form.tsx(165,36): error TS7026: JSX element implicitly has type 'any' because no interface 'JSX.IntrinsicElements' exists.
src/components/forms/application-form.tsx(170,9): error TS7026: JSX element implicitly has type 'any' because no interface 'JSX.IntrinsicElements' exists.
src/components/forms/application-form.tsx(171,11): error TS7026: JSX element implicitly has type 'any' because no interface 'JSX.IntrinsicElements' exists.
src/components/forms/application-form.tsx(172,13): error TS7026: JSX element implicitly has type 'any' because no interface 'JSX.IntrinsicElements' exists.
src/components/forms/application-form.tsx(173,13): error TS7026: JSX element implicitly has type 'any' because no interface 'JSX.IntrinsicElements' exists.
src/components/forms/application-form.tsx(173,62): error TS7026: JSX element implicitly has type 'any' because no interface 'JSX.IntrinsicElements' exists.
src/components/forms/application-form.tsx(174,11): error TS7026: JSX element implicitly has type 'any' because no interface 'JSX.IntrinsicElements' exists.
src/components/forms/application-form.tsx(176,13): error TS7026: JSX element implicitly has type 'any' because no interface 'JSX.IntrinsicElements' exists.
src/components/forms/application-form.tsx(178,13): error TS7026: JSX element implicitly has type 'any' because no interface 'JSX.IntrinsicElements' exists.
src/components/forms/application-form.tsx(180,9): error TS7026: JSX element implicitly has type 'any' because no interface 'JSX.IntrinsicElements' exists.
src/components/forms/application-form.tsx(190,7): error TS7026: JSX element implicitly has type 'any' because no interface 'JSX.IntrinsicElements' exists.
src/components/forms/auth-form.tsx(3,32): error TS2307: Cannot find module 'react' or its corresponding type declarations.
src/components/forms/auth-form.tsx(4,18): error TS2307: Cannot find module 'next/link' or its corresponding type declarations.
src/components/forms/auth-form.tsx(5,44): error TS2307: Cannot find module 'lucide-react' or its corresponding type declarations.
src/components/forms/auth-form.tsx(41,7): error TS7026: JSX element implicitly has type 'any' because no interface 'JSX.IntrinsicElements' exists.
src/components/forms/auth-form.tsx(41,7): error TS2875: This JSX tag requires the module path 'react/jsx-runtime' to exist, but none could be found. Make sure you have types for the appropriate package installed.
src/components/forms/auth-form.tsx(42,9): error TS7026: JSX element implicitly has type 'any' because no interface 'JSX.IntrinsicElements' exists.
src/components/forms/auth-form.tsx(44,9): error TS7026: JSX element implicitly has type 'any' because no interface 'JSX.IntrinsicElements' exists.
src/components/forms/auth-form.tsx(45,9): error TS7026: JSX element implicitly has type 'any' because no interface 'JSX.IntrinsicElements' exists.
src/components/forms/auth-form.tsx(51,9): error TS7026: JSX element implicitly has type 'any' because no interface 'JSX.IntrinsicElements' exists.
src/components/forms/auth-form.tsx(52,9): error TS7026: JSX element implicitly has type 'any' because no interface 'JSX.IntrinsicElements' exists.
src/components/forms/auth-form.tsx(52,27): error TS7026: JSX element implicitly has type 'any' because no interface 'JSX.IntrinsicElements' exists.
src/components/forms/auth-form.tsx(59,7): error TS7026: JSX element implicitly has type 'any' because no interface 'JSX.IntrinsicElements' exists.
src/components/forms/auth-form.tsx(62,5): error TS7026: JSX element implicitly has type 'any' because no interface 'JSX.IntrinsicElements' exists.
src/components/forms/auth-form.tsx(63,17): error TS7026: JSX element implicitly has type 'any' because no interface 'JSX.IntrinsicElements' exists.
src/components/forms/auth-form.tsx(75,11): error TS7026: JSX element implicitly has type 'any' because no interface 'JSX.IntrinsicElements' exists.
src/components/forms/auth-form.tsx(96,11): error TS7026: JSX element implicitly has type 'any' because no interface 'JSX.IntrinsicElements' exists.
src/components/forms/auth-form.tsx(112,11): error TS7026: JSX element implicitly has type 'any' because no interface 'JSX.IntrinsicElements' exists.
src/components/forms/auth-form.tsx(134,11): error TS7026: JSX element implicitly has type 'any' because no interface 'JSX.IntrinsicElements' exists.
src/components/forms/auth-form.tsx(156,5): error TS7026: JSX element implicitly has type 'any' because no interface 'JSX.IntrinsicElements' exists.
src/components/forms/field.tsx(2,32): error TS2307: Cannot find module 'react' or its corresponding type declarations.
src/components/forms/field.tsx(17,5): error TS7026: JSX element implicitly has type 'any' because no interface 'JSX.IntrinsicElements' exists.
src/components/forms/field.tsx(17,5): error TS2875: This JSX tag requires the module path 'react/jsx-runtime' to exist, but none could be found. Make sure you have types for the appropriate package installed.
src/components/forms/field.tsx(18,7): error TS7026: JSX element implicitly has type 'any' because no interface 'JSX.IntrinsicElements' exists.
src/components/forms/field.tsx(18,36): error TS7026: JSX element implicitly has type 'any' because no interface 'JSX.IntrinsicElements' exists.
src/components/forms/field.tsx(21,9): error TS7026: JSX element implicitly has type 'any' because no interface 'JSX.IntrinsicElements' exists.
src/components/forms/field.tsx(23,9): error TS7026: JSX element implicitly has type 'any' because no interface 'JSX.IntrinsicElements' exists.
src/components/forms/field.tsx(25,9): error TS7026: JSX element implicitly has type 'any' because no interface 'JSX.IntrinsicElements' exists.
src/components/forms/field.tsx(25,41): error TS7026: JSX element implicitly has type 'any' because no interface 'JSX.IntrinsicElements' exists.
src/components/forms/field.tsx(27,5): error TS7026: JSX element implicitly has type 'any' because no interface 'JSX.IntrinsicElements' exists.
src/components/layout/dashboard-shell.tsx(9,13): error TS2503: Cannot find namespace 'React'.
src/components/layout/dashboard-shell.tsx(13,5): error TS7026: JSX element implicitly has type 'any' because no interface 'JSX.IntrinsicElements' exists.
src/components/layout/dashboard-shell.tsx(13,5): error TS2875: This JSX tag requires the module path 'react/jsx-runtime' to exist, but none could be found. Make sure you have types for the appropriate package installed.
src/components/layout/dashboard-shell.tsx(15,7): error TS7026: JSX element implicitly has type 'any' because no interface 'JSX.IntrinsicElements' exists.
src/components/layout/dashboard-shell.tsx(16,9): error TS7026: JSX element implicitly has type 'any' because no interface 'JSX.IntrinsicElements' exists.
src/components/layout/dashboard-shell.tsx(17,11): error TS7026: JSX element implicitly has type 'any' because no interface 'JSX.IntrinsicElements' exists.
src/components/layout/dashboard-shell.tsx(18,22): error TS7026: JSX element implicitly has type 'any' because no interface 'JSX.IntrinsicElements' exists.
src/components/layout/dashboard-shell.tsx(18,60): error TS7026: JSX element implicitly has type 'any' because no interface 'JSX.IntrinsicElements' exists.
src/components/layout/dashboard-shell.tsx(19,11): error TS7026: JSX element implicitly has type 'any' because no interface 'JSX.IntrinsicElements' exists.
src/components/layout/dashboard-shell.tsx(20,11): error TS7026: JSX element implicitly has type 'any' because no interface 'JSX.IntrinsicElements' exists.
src/components/layout/dashboard-shell.tsx(26,11): error TS7026: JSX element implicitly has type 'any' because no interface 'JSX.IntrinsicElements' exists.
src/components/layout/dashboard-shell.tsx(27,9): error TS7026: JSX element implicitly has type 'any' because no interface 'JSX.IntrinsicElements' exists.
src/components/layout/dashboard-shell.tsx(28,9): error TS7026: JSX element implicitly has type 'any' because no interface 'JSX.IntrinsicElements' exists.
src/components/layout/dashboard-shell.tsx(28,54): error TS7026: JSX element implicitly has type 'any' because no interface 'JSX.IntrinsicElements' exists.
src/components/layout/dashboard-shell.tsx(29,9): error TS7026: JSX element implicitly has type 'any' because no interface 'JSX.IntrinsicElements' exists.
src/components/layout/dashboard-shell.tsx(30,11): error TS7026: JSX element implicitly has type 'any' because no interface 'JSX.IntrinsicElements' exists.
src/components/layout/dashboard-shell.tsx(30,26): error TS7026: JSX element implicitly has type 'any' because no interface 'JSX.IntrinsicElements' exists.
src/components/layout/dashboard-shell.tsx(31,11): error TS7026: JSX element implicitly has type 'any' because no interface 'JSX.IntrinsicElements' exists.
src/components/layout/dashboard-shell.tsx(31,40): error TS7026: JSX element implicitly has type 'any' because no interface 'JSX.IntrinsicElements' exists.
src/components/layout/dashboard-shell.tsx(32,9): error TS7026: JSX element implicitly has type 'any' because no interface 'JSX.IntrinsicElements' exists.
src/components/layout/dashboard-shell.tsx(33,7): error TS7026: JSX element implicitly has type 'any' because no interface 'JSX.IntrinsicElements' exists.
src/components/layout/dashboard-shell.tsx(34,5): error TS7026: JSX element implicitly has type 'any' because no interface 'JSX.IntrinsicElements' exists.
src/components/layout/navigation.tsx(2,26): error TS2307: Cannot find module 'react' or its corresponding type declarations.
src/components/layout/navigation.tsx(3,18): error TS2307: Cannot find module 'next/link' or its corresponding type declarations.
src/components/layout/navigation.tsx(4,29): error TS2307: Cannot find module 'next/navigation' or its corresponding type declarations.
src/components/layout/navigation.tsx(14,8): error TS2307: Cannot find module 'lucide-react' or its corresponding type declarations.
src/components/layout/navigation.tsx(48,5): error TS7026: JSX element implicitly has type 'any' because no interface 'JSX.IntrinsicElements' exists.
src/components/layout/navigation.tsx(48,5): error TS2875: This JSX tag requires the module path 'react/jsx-runtime' to exist, but none could be found. Make sure you have types for the appropriate package installed.
src/components/layout/navigation.tsx(66,5): error TS7026: JSX element implicitly has type 'any' because no interface 'JSX.IntrinsicElements' exists.
src/components/layout/navigation.tsx(69,5): error TS7026: JSX element implicitly has type 'any' because no interface 'JSX.IntrinsicElements' exists.
src/components/layout/navigation.tsx(70,7): error TS7026: JSX element implicitly has type 'any' because no interface 'JSX.IntrinsicElements' exists.
src/components/layout/navigation.tsx(70,61): error TS7026: JSX element implicitly has type 'any' because no interface 'JSX.IntrinsicElements' exists.
src/components/layout/navigation.tsx(71,7): error TS7026: JSX element implicitly has type 'any' because no interface 'JSX.IntrinsicElements' exists.
src/components/layout/navigation.tsx(72,9): error TS7026: JSX element implicitly has type 'any' because no interface 'JSX.IntrinsicElements' exists.
src/components/layout/navigation.tsx(72,36): error TS7026: JSX element implicitly has type 'any' because no interface 'JSX.IntrinsicElements' exists.
src/components/layout/navigation.tsx(73,9): error TS7026: JSX element implicitly has type 'any' because no interface 'JSX.IntrinsicElements' exists.
src/components/layout/navigation.tsx(73,41): error TS7026: JSX element implicitly has type 'any' because no interface 'JSX.IntrinsicElements' exists.
src/components/layout/navigation.tsx(74,7): error TS7026: JSX element implicitly has type 'any' because no interface 'JSX.IntrinsicElements' exists.
src/components/layout/navigation.tsx(75,7): error TS7026: JSX element implicitly has type 'any' because no interface 'JSX.IntrinsicElements' exists.
src/components/layout/navigation.tsx(84,7): error TS7026: JSX element implicitly has type 'any' because no interface 'JSX.IntrinsicElements' exists.
src/components/layout/navigation.tsx(85,5): error TS7026: JSX element implicitly has type 'any' because no interface 'JSX.IntrinsicElements' exists.
src/components/layout/navigation.tsx(89,7): error TS7026: JSX element implicitly has type 'any' because no interface 'JSX.IntrinsicElements' exists.
src/components/layout/navigation.tsx(91,9): error TS7026: JSX element implicitly has type 'any' because no interface 'JSX.IntrinsicElements' exists.
src/components/layout/navigation.tsx(91,56): error TS7026: JSX element implicitly has type 'any' because no interface 'JSX.IntrinsicElements' exists.
src/components/layout/navigation.tsx(93,9): error TS7026: JSX element implicitly has type 'any' because no interface 'JSX.IntrinsicElements' exists.
src/components/layout/navigation.tsx(94,11): error TS7026: JSX element implicitly has type 'any' because no interface 'JSX.IntrinsicElements' exists.
src/components/layout/navigation.tsx(95,13): error TS7026: JSX element implicitly has type 'any' because no interface 'JSX.IntrinsicElements' exists.
src/components/layout/navigation.tsx(97,11): error TS7026: JSX element implicitly has type 'any' because no interface 'JSX.IntrinsicElements' exists.
src/components/layout/navigation.tsx(99,9): error TS7026: JSX element implicitly has type 'any' because no interface 'JSX.IntrinsicElements' exists.
src/components/layout/navigation.tsx(100,7): error TS7026: JSX element implicitly has type 'any' because no interface 'JSX.IntrinsicElements' exists.
src/components/layout/navigation.tsx(101,7): error TS7026: JSX element implicitly has type 'any' because no interface 'JSX.IntrinsicElements' exists.
src/components/layout/navigation.tsx(116,7): error TS7026: JSX element implicitly has type 'any' because no interface 'JSX.IntrinsicElements' exists.
src/components/schedule/calendar.tsx(2,94): error TS2307: Cannot find module 'react' or its corresponding type declarations.
src/components/schedule/calendar.tsx(3,46): error TS2307: Cannot find module 'next/navigation' or its corresponding type declarations.
src/components/schedule/calendar.tsx(4,56): error TS2307: Cannot find module 'lucide-react' or its corresponding type declarations.
src/components/schedule/calendar.tsx(92,37): error TS7006: Parameter 'current' implicitly has an 'any' type.
src/components/schedule/calendar.tsx(92,67): error TS7006: Parameter 'l' implicitly has an 'any' type.
src/components/schedule/calendar.tsx(93,34): error TS7006: Parameter 'current' implicitly has an 'any' type.
src/components/schedule/calendar.tsx(93,60): error TS7006: Parameter 'l' implicitly has an 'any' type.
src/components/schedule/calendar.tsx(104,33): error TS7006: Parameter 'l' implicitly has an 'any' type.
src/components/schedule/calendar.tsx(107,30): error TS7006: Parameter 'l' implicitly has an 'any' type.
src/components/schedule/calendar.tsx(145,41): error TS7006: Parameter 'l' implicitly has an 'any' type.
src/components/schedule/calendar.tsx(195,39): error TS7006: Parameter 'l' implicitly has an 'any' type.
src/components/schedule/calendar.tsx(198,64): error TS7006: Parameter 'l' implicitly has an 'any' type.
src/components/schedule/calendar.tsx(216,22): error TS7006: Parameter 'current' implicitly has an 'any' type.
src/components/schedule/calendar.tsx(216,70): error TS7006: Parameter 'l' implicitly has an 'any' type.
src/components/schedule/calendar.tsx(228,46): error TS7006: Parameter 'l' implicitly has an 'any' type.
src/components/schedule/calendar.tsx(229,10): error TS7026: JSX element implicitly has type 'any' because no interface 'JSX.IntrinsicElements' exists.
src/components/schedule/calendar.tsx(229,10): error TS2875: This JSX tag requires the module path 'react/jsx-runtime' to exist, but none could be found. Make sure you have types for the appropriate package installed.
src/components/schedule/calendar.tsx(230,191): error TS7006: Parameter 'n' implicitly has an 'any' type.
src/components/schedule/calendar.tsx(239,5): error TS7026: JSX element implicitly has type 'any' because no interface 'JSX.IntrinsicElements' exists.
src/components/schedule/calendar.tsx(239,39): error TS7026: JSX element implicitly has type 'any' because no interface 'JSX.IntrinsicElements' exists.
src/components/schedule/calendar.tsx(239,146): error TS7026: JSX element implicitly has type 'any' because no interface 'JSX.IntrinsicElements' exists.
src/components/schedule/calendar.tsx(239,153): error TS7026: JSX element implicitly has type 'any' because no interface 'JSX.IntrinsicElements' exists.
src/components/schedule/calendar.tsx(239,233): error TS7026: JSX element implicitly has type 'any' because no interface 'JSX.IntrinsicElements' exists.
src/components/schedule/calendar.tsx(239,240): error TS7026: JSX element implicitly has type 'any' because no interface 'JSX.IntrinsicElements' exists.
src/components/schedule/calendar.tsx(240,5): error TS7026: JSX element implicitly has type 'any' because no interface 'JSX.IntrinsicElements' exists.
src/components/schedule/calendar.tsx(242,7): error TS7026: JSX element implicitly has type 'any' because no interface 'JSX.IntrinsicElements' exists.
src/components/schedule/calendar.tsx(242,76): error TS7026: JSX element implicitly has type 'any' because no interface 'JSX.IntrinsicElements' exists.
src/components/schedule/calendar.tsx(244,5): error TS7026: JSX element implicitly has type 'any' because no interface 'JSX.IntrinsicElements' exists.
src/components/schedule/calendar.tsx(245,5): error TS7026: JSX element implicitly has type 'any' because no interface 'JSX.IntrinsicElements' exists.
src/components/schedule/calendar.tsx(245,43): error TS7026: JSX element implicitly has type 'any' because no interface 'JSX.IntrinsicElements' exists.
src/components/schedule/calendar.tsx(245,73): error TS7026: JSX element implicitly has type 'any' because no interface 'JSX.IntrinsicElements' exists.
src/components/schedule/calendar.tsx(245,186): error TS7026: JSX element implicitly has type 'any' because no interface 'JSX.IntrinsicElements' exists.
src/components/schedule/calendar.tsx(245,210): error TS7026: JSX element implicitly has type 'any' because no interface 'JSX.IntrinsicElements' exists.
src/components/schedule/calendar.tsx(245,219): error TS7026: JSX element implicitly has type 'any' because no interface 'JSX.IntrinsicElements' exists.
src/components/schedule/calendar.tsx(245,227): error TS7026: JSX element implicitly has type 'any' because no interface 'JSX.IntrinsicElements' exists.
src/components/schedule/calendar.tsx(246,5): error TS7026: JSX element implicitly has type 'any' because no interface 'JSX.IntrinsicElements' exists.
src/components/schedule/calendar.tsx(247,7): error TS7026: JSX element implicitly has type 'any' because no interface 'JSX.IntrinsicElements' exists.
src/components/schedule/calendar.tsx(247,104): error TS7026: JSX element implicitly has type 'any' because no interface 'JSX.IntrinsicElements' exists.
src/components/schedule/calendar.tsx(247,194): error TS7026: JSX element implicitly has type 'any' because no interface 'JSX.IntrinsicElements' exists.
src/components/schedule/calendar.tsx(247,203): error TS7026: JSX element implicitly has type 'any' because no interface 'JSX.IntrinsicElements' exists.
src/components/schedule/calendar.tsx(248,7): error TS7026: JSX element implicitly has type 'any' because no interface 'JSX.IntrinsicElements' exists.
src/components/schedule/calendar.tsx(251,25): error TS7006: Parameter 'e' implicitly has an 'any' type.
src/components/schedule/calendar.tsx(255,21): error TS7006: Parameter 'e' implicitly has an 'any' type.
src/components/schedule/calendar.tsx(259,88): error TS7006: Parameter 'l' implicitly has an 'any' type.
src/components/schedule/calendar.tsx(261,28): error TS7026: JSX element implicitly has type 'any' because no interface 'JSX.IntrinsicElements' exists.
src/components/schedule/calendar.tsx(262,49): error TS7026: JSX element implicitly has type 'any' because no interface 'JSX.IntrinsicElements' exists.
src/components/schedule/calendar.tsx(263,51): error TS7031: Binding element 'lesson' implicitly has an 'any' type.
src/components/schedule/calendar.tsx(263,59): error TS7031: Binding element 'segment' implicitly has an 'any' type.
src/components/schedule/calendar.tsx(267,20): error TS7026: JSX element implicitly has type 'any' because no interface 'JSX.IntrinsicElements' exists.
src/components/schedule/calendar.tsx(271,25): error TS7006: Parameter 'e' implicitly has an 'any' type.
src/components/schedule/calendar.tsx(272,15): error TS7026: JSX element implicitly has type 'any' because no interface 'JSX.IntrinsicElements' exists.
src/components/schedule/calendar.tsx(272,250): error TS7026: JSX element implicitly has type 'any' because no interface 'JSX.IntrinsicElements' exists.
src/components/schedule/calendar.tsx(273,15): error TS7026: JSX element implicitly has type 'any' because no interface 'JSX.IntrinsicElements' exists.
src/components/schedule/calendar.tsx(273,89): error TS7026: JSX element implicitly has type 'any' because no interface 'JSX.IntrinsicElements' exists.
src/components/schedule/calendar.tsx(274,13): error TS7026: JSX element implicitly has type 'any' because no interface 'JSX.IntrinsicElements' exists.
src/components/schedule/calendar.tsx(276,29): error TS7026: JSX element implicitly has type 'any' because no interface 'JSX.IntrinsicElements' exists.
src/components/schedule/calendar.tsx(277,9): error TS7026: JSX element implicitly has type 'any' because no interface 'JSX.IntrinsicElements' exists.
src/components/schedule/calendar.tsx(278,23): error TS7026: JSX element implicitly has type 'any' because no interface 'JSX.IntrinsicElements' exists.
src/components/schedule/calendar.tsx(279,7): error TS7026: JSX element implicitly has type 'any' because no interface 'JSX.IntrinsicElements' exists.
src/components/schedule/calendar.tsx(280,5): error TS7026: JSX element implicitly has type 'any' because no interface 'JSX.IntrinsicElements' exists.
src/components/schedule/calendar.tsx(281,44): error TS2322: Type '{ key: any; lesson: any; data: { now: string; role: Role; week: string; lessons: ScheduleLesson[]; students: { id: string; name: string; }[]; subjects: { id: string; name: string; }[]; assignments?: { ...; }[] | undefined; offset: any; }; onPending: (value: boolean) => void; date: string; onClose: () => void; onSave...' is not assignable to type '{ lesson: ScheduleLesson | null; data: ScheduleData; date: string; onPending?: ((pending: boolean) => void) | undefined; onClose: () => void; onSaved: (lesson: ScheduleLesson) => void; }'.
  Property 'key' does not exist on type '{ lesson: ScheduleLesson | null; data: ScheduleData; date: string; onPending?: ((pending: boolean) => void) | undefined; onClose: () => void; onSaved: (lesson: ScheduleLesson) => void; }'.
src/components/schedule/calendar.tsx(281,391): error TS7006: Parameter 'current' implicitly has an 'any' type.
src/components/schedule/calendar.tsx(281,421): error TS7006: Parameter 'l' implicitly has an 'any' type.
src/components/schedule/calendar.tsx(283,32): error TS7006: Parameter 'l' implicitly has an 'any' type.
src/components/schedule/calendar.tsx(285,164): error TS7026: JSX element implicitly has type 'any' because no interface 'JSX.IntrinsicElements' exists.
src/components/schedule/calendar.tsx(286,407): error TS7026: JSX element implicitly has type 'any' because no interface 'JSX.IntrinsicElements' exists.
src/components/schedule/calendar.tsx(286,425): error TS7026: JSX element implicitly has type 'any' because no interface 'JSX.IntrinsicElements' exists.
src/components/schedule/calendar.tsx(286,437): error TS7026: JSX element implicitly has type 'any' because no interface 'JSX.IntrinsicElements' exists.
src/components/schedule/calendar.tsx(286,442): error TS7026: JSX element implicitly has type 'any' because no interface 'JSX.IntrinsicElements' exists.
src/components/schedule/calendar.tsx(286,451): error TS7026: JSX element implicitly has type 'any' because no interface 'JSX.IntrinsicElements' exists.
src/components/schedule/calendar.tsx(286,456): error TS7026: JSX element implicitly has type 'any' because no interface 'JSX.IntrinsicElements' exists.
src/components/schedule/calendar.tsx(287,5): error TS7026: JSX element implicitly has type 'any' because no interface 'JSX.IntrinsicElements' exists.
src/components/schedule/calendar.tsx(288,3): error TS7026: JSX element implicitly has type 'any' because no interface 'JSX.IntrinsicElements' exists.
src/components/schedule/context-menu.tsx(2,52): error TS2307: Cannot find module 'react' or its corresponding type declarations.
src/components/schedule/context-menu.tsx(24,10): error TS7026: JSX element implicitly has type 'any' because no interface 'JSX.IntrinsicElements' exists.
src/components/schedule/context-menu.tsx(24,10): error TS2875: This JSX tag requires the module path 'react/jsx-runtime' to exist, but none could be found. Make sure you have types for the appropriate package installed.
src/components/schedule/context-menu.tsx(26,22): error TS7006: Parameter 'e' implicitly has an 'any' type.
src/components/schedule/context-menu.tsx(27,17): error TS7006: Parameter 'e' implicitly has an 'any' type.
src/components/schedule/context-menu.tsx(37,5): error TS7026: JSX element implicitly has type 'any' because no interface 'JSX.IntrinsicElements' exists.
src/components/schedule/context-menu.tsx(37,33): error TS7026: JSX element implicitly has type 'any' because no interface 'JSX.IntrinsicElements' exists.
src/components/schedule/context-menu.tsx(38,5): error TS7026: JSX element implicitly has type 'any' because no interface 'JSX.IntrinsicElements' exists.
src/components/schedule/context-menu.tsx(38,72): error TS7026: JSX element implicitly has type 'any' because no interface 'JSX.IntrinsicElements' exists.
src/components/schedule/context-menu.tsx(38,262): error TS7026: JSX element implicitly has type 'any' because no interface 'JSX.IntrinsicElements' exists.
src/components/schedule/context-menu.tsx(39,5): error TS7026: JSX element implicitly has type 'any' because no interface 'JSX.IntrinsicElements' exists.
src/components/schedule/context-menu.tsx(39,100): error TS7026: JSX element implicitly has type 'any' because no interface 'JSX.IntrinsicElements' exists.
src/components/schedule/context-menu.tsx(40,73): error TS7026: JSX element implicitly has type 'any' because no interface 'JSX.IntrinsicElements' exists.
src/components/schedule/context-menu.tsx(40,139): error TS7026: JSX element implicitly has type 'any' because no interface 'JSX.IntrinsicElements' exists.
src/components/schedule/context-menu.tsx(40,151): error TS7026: JSX element implicitly has type 'any' because no interface 'JSX.IntrinsicElements' exists.
src/components/schedule/context-menu.tsx(40,159): error TS7026: JSX element implicitly has type 'any' because no interface 'JSX.IntrinsicElements' exists.
src/components/schedule/context-menu.tsx(41,5): error TS7026: JSX element implicitly has type 'any' because no interface 'JSX.IntrinsicElements' exists.
src/components/schedule/context-menu.tsx(41,81): error TS7026: JSX element implicitly has type 'any' because no interface 'JSX.IntrinsicElements' exists.
src/components/schedule/context-menu.tsx(42,3): error TS7026: JSX element implicitly has type 'any' because no interface 'JSX.IntrinsicElements' exists.
src/components/schedule/lesson-dialog.tsx(4,45): error TS2307: Cannot find module 'react' or its corresponding type declarations.
src/components/schedule/lesson-dialog.tsx(65,60): error TS7026: JSX element implicitly has type 'any' because no interface 'JSX.IntrinsicElements' exists.
src/components/schedule/lesson-dialog.tsx(65,133): error TS7026: JSX element implicitly has type 'any' because no interface 'JSX.IntrinsicElements' exists.
src/components/schedule/lesson-dialog.tsx(66,10): error TS2875: This JSX tag requires the module path 'react/jsx-runtime' to exist, but none could be found. Make sure you have types for the appropriate package installed.
src/components/schedule/lesson-dialog.tsx(66,38): error TS7006: Parameter 'open' implicitly has an 'any' type.
src/components/schedule/lesson-dialog.tsx(70,29): error TS7026: JSX element implicitly has type 'any' because no interface 'JSX.IntrinsicElements' exists.
src/components/schedule/lesson-dialog.tsx(71,9): error TS7026: JSX element implicitly has type 'any' because no interface 'JSX.IntrinsicElements' exists.
src/components/schedule/lesson-dialog.tsx(71,22): error TS7026: JSX element implicitly has type 'any' because no interface 'JSX.IntrinsicElements' exists.
src/components/schedule/lesson-dialog.tsx(71,27): error TS7026: JSX element implicitly has type 'any' because no interface 'JSX.IntrinsicElements' exists.
src/components/schedule/lesson-dialog.tsx(71,49): error TS7026: JSX element implicitly has type 'any' because no interface 'JSX.IntrinsicElements' exists.
src/components/schedule/lesson-dialog.tsx(72,9): error TS7026: JSX element implicitly has type 'any' because no interface 'JSX.IntrinsicElements' exists.
src/components/schedule/lesson-dialog.tsx(72,20): error TS7026: JSX element implicitly has type 'any' because no interface 'JSX.IntrinsicElements' exists.
src/components/schedule/lesson-dialog.tsx(72,25): error TS7026: JSX element implicitly has type 'any' because no interface 'JSX.IntrinsicElements' exists.
src/components/schedule/lesson-dialog.tsx(72,49): error TS7026: JSX element implicitly has type 'any' because no interface 'JSX.IntrinsicElements' exists.
src/components/schedule/lesson-dialog.tsx(73,9): error TS7026: JSX element implicitly has type 'any' because no interface 'JSX.IntrinsicElements' exists.
src/components/schedule/lesson-dialog.tsx(73,17): error TS7026: JSX element implicitly has type 'any' because no interface 'JSX.IntrinsicElements' exists.
src/components/schedule/lesson-dialog.tsx(73,22): error TS7026: JSX element implicitly has type 'any' because no interface 'JSX.IntrinsicElements' exists.
src/components/schedule/lesson-dialog.tsx(73,69): error TS7026: JSX element implicitly has type 'any' because no interface 'JSX.IntrinsicElements' exists.
src/components/schedule/lesson-dialog.tsx(74,9): error TS7026: JSX element implicitly has type 'any' because no interface 'JSX.IntrinsicElements' exists.
src/components/schedule/lesson-dialog.tsx(74,19): error TS7026: JSX element implicitly has type 'any' because no interface 'JSX.IntrinsicElements' exists.
src/components/schedule/lesson-dialog.tsx(74,24): error TS7026: JSX element implicitly has type 'any' because no interface 'JSX.IntrinsicElements' exists.
src/components/schedule/lesson-dialog.tsx(74,40): error TS7026: JSX element implicitly has type 'any' because no interface 'JSX.IntrinsicElements' exists.
src/components/schedule/lesson-dialog.tsx(75,9): error TS7026: JSX element implicitly has type 'any' because no interface 'JSX.IntrinsicElements' exists.
src/components/schedule/lesson-dialog.tsx(75,22): error TS7026: JSX element implicitly has type 'any' because no interface 'JSX.IntrinsicElements' exists.
src/components/schedule/lesson-dialog.tsx(75,27): error TS7026: JSX element implicitly has type 'any' because no interface 'JSX.IntrinsicElements' exists.
src/components/schedule/lesson-dialog.tsx(75,124): error TS7026: JSX element implicitly has type 'any' because no interface 'JSX.IntrinsicElements' exists.
src/components/schedule/lesson-dialog.tsx(76,9): error TS7026: JSX element implicitly has type 'any' because no interface 'JSX.IntrinsicElements' exists.
src/components/schedule/lesson-dialog.tsx(76,25): error TS7026: JSX element implicitly has type 'any' because no interface 'JSX.IntrinsicElements' exists.
src/components/schedule/lesson-dialog.tsx(76,30): error TS7026: JSX element implicitly has type 'any' because no interface 'JSX.IntrinsicElements' exists.
src/components/schedule/lesson-dialog.tsx(76,62): error TS7026: JSX element implicitly has type 'any' because no interface 'JSX.IntrinsicElements' exists.
src/components/schedule/lesson-dialog.tsx(77,9): error TS7026: JSX element implicitly has type 'any' because no interface 'JSX.IntrinsicElements' exists.
src/components/schedule/lesson-dialog.tsx(77,22): error TS7026: JSX element implicitly has type 'any' because no interface 'JSX.IntrinsicElements' exists.
src/components/schedule/lesson-dialog.tsx(77,27): error TS7026: JSX element implicitly has type 'any' because no interface 'JSX.IntrinsicElements' exists.
src/components/schedule/lesson-dialog.tsx(77,81): error TS7026: JSX element implicitly has type 'any' because no interface 'JSX.IntrinsicElements' exists.
src/components/schedule/lesson-dialog.tsx(78,7): error TS7026: JSX element implicitly has type 'any' because no interface 'JSX.IntrinsicElements' exists.
src/components/schedule/lesson-dialog.tsx(78,15): error TS7026: JSX element implicitly has type 'any' because no interface 'JSX.IntrinsicElements' exists.
src/components/schedule/lesson-dialog.tsx(79,9): error TS7026: JSX element implicitly has type 'any' because no interface 'JSX.IntrinsicElements' exists.
src/components/schedule/lesson-dialog.tsx(80,11): error TS7026: JSX element implicitly has type 'any' because no interface 'JSX.IntrinsicElements' exists.
src/components/schedule/lesson-dialog.tsx(80,53): error TS7026: JSX element implicitly has type 'any' because no interface 'JSX.IntrinsicElements' exists.
src/components/schedule/lesson-dialog.tsx(81,79): error TS7026: JSX element implicitly has type 'any' because no interface 'JSX.IntrinsicElements' exists.
src/components/schedule/lesson-dialog.tsx(81,151): error TS7026: JSX element implicitly has type 'any' because no interface 'JSX.IntrinsicElements' exists.
src/components/schedule/lesson-dialog.tsx(82,37): error TS7026: JSX element implicitly has type 'any' because no interface 'JSX.IntrinsicElements' exists.
src/components/schedule/lesson-dialog.tsx(82,77): error TS7026: JSX element implicitly has type 'any' because no interface 'JSX.IntrinsicElements' exists.
src/components/schedule/lesson-dialog.tsx(83,40): error TS7026: JSX element implicitly has type 'any' because no interface 'JSX.IntrinsicElements' exists.
src/components/schedule/lesson-dialog.tsx(84,9): error TS7026: JSX element implicitly has type 'any' because no interface 'JSX.IntrinsicElements' exists.
src/components/schedule/lesson-dialog.tsx(85,11): error TS7026: JSX element implicitly has type 'any' because no interface 'JSX.IntrinsicElements' exists.
src/components/schedule/lesson-dialog.tsx(85,149): error TS7026: JSX element implicitly has type 'any' because no interface 'JSX.IntrinsicElements' exists.
src/components/schedule/lesson-dialog.tsx(85,202): error TS7026: JSX element implicitly has type 'any' because no interface 'JSX.IntrinsicElements' exists.
src/components/schedule/lesson-dialog.tsx(85,237): error TS7026: JSX element implicitly has type 'any' because no interface 'JSX.IntrinsicElements' exists.
src/components/schedule/lesson-dialog.tsx(86,11): error TS7026: JSX element implicitly has type 'any' because no interface 'JSX.IntrinsicElements' exists.
src/components/schedule/lesson-dialog.tsx(86,24): error TS7026: JSX element implicitly has type 'any' because no interface 'JSX.IntrinsicElements' exists.
src/components/schedule/lesson-dialog.tsx(86,136): error TS7026: JSX element implicitly has type 'any' because no interface 'JSX.IntrinsicElements' exists.
src/components/schedule/lesson-dialog.tsx(87,9): error TS7026: JSX element implicitly has type 'any' because no interface 'JSX.IntrinsicElements' exists.
src/components/schedule/lesson-dialog.tsx(88,9): error TS7026: JSX element implicitly has type 'any' because no interface 'JSX.IntrinsicElements' exists.
src/components/schedule/lesson-dialog.tsx(88,33): error TS7026: JSX element implicitly has type 'any' because no interface 'JSX.IntrinsicElements' exists.
src/components/schedule/lesson-dialog.tsx(88,205): error TS7026: JSX element implicitly has type 'any' because no interface 'JSX.IntrinsicElements' exists.
src/components/schedule/lesson-dialog.tsx(89,9): error TS7026: JSX element implicitly has type 'any' because no interface 'JSX.IntrinsicElements' exists.
src/components/schedule/lesson-dialog.tsx(90,11): error TS7026: JSX element implicitly has type 'any' because no interface 'JSX.IntrinsicElements' exists.
src/components/schedule/lesson-dialog.tsx(90,53): error TS7026: JSX element implicitly has type 'any' because no interface 'JSX.IntrinsicElements' exists.
src/components/schedule/lesson-dialog.tsx(91,183): error TS7026: JSX element implicitly has type 'any' because no interface 'JSX.IntrinsicElements' exists.
src/components/schedule/lesson-dialog.tsx(91,305): error TS7026: JSX element implicitly has type 'any' because no interface 'JSX.IntrinsicElements' exists.
src/components/schedule/lesson-dialog.tsx(92,149): error TS7026: JSX element implicitly has type 'any' because no interface 'JSX.IntrinsicElements' exists.
src/components/schedule/lesson-dialog.tsx(92,189): error TS7026: JSX element implicitly has type 'any' because no interface 'JSX.IntrinsicElements' exists.
src/components/schedule/lesson-dialog.tsx(93,38): error TS7026: JSX element implicitly has type 'any' because no interface 'JSX.IntrinsicElements' exists.
src/components/schedule/lesson-dialog.tsx(94,9): error TS7026: JSX element implicitly has type 'any' because no interface 'JSX.IntrinsicElements' exists.
src/components/schedule/lesson-dialog.tsx(94,23): error TS7026: JSX element implicitly has type 'any' because no interface 'JSX.IntrinsicElements' exists.
src/components/schedule/lesson-dialog.tsx(94,172): error TS7006: Parameter 'event' implicitly has an 'any' type.
src/components/schedule/lesson-dialog.tsx(94,237): error TS7026: JSX element implicitly has type 'any' because no interface 'JSX.IntrinsicElements' exists.
src/components/schedule/lesson-dialog.tsx(95,21): error TS7026: JSX element implicitly has type 'any' because no interface 'JSX.IntrinsicElements' exists.
src/components/schedule/lesson-dialog.tsx(95,55): error TS7026: JSX element implicitly has type 'any' because no interface 'JSX.IntrinsicElements' exists.
src/components/schedule/lesson-dialog.tsx(96,46): error TS7026: JSX element implicitly has type 'any' because no interface 'JSX.IntrinsicElements' exists.
src/components/schedule/lesson-dialog.tsx(96,123): error TS7026: JSX element implicitly has type 'any' because no interface 'JSX.IntrinsicElements' exists.
src/components/schedule/lesson-dialog.tsx(97,46): error TS7026: JSX element implicitly has type 'any' because no interface 'JSX.IntrinsicElements' exists.
src/components/schedule/lesson-dialog.tsx(97,125): error TS7026: JSX element implicitly has type 'any' because no interface 'JSX.IntrinsicElements' exists.
src/components/schedule/lesson-dialog.tsx(98,9): error TS7026: JSX element implicitly has type 'any' because no interface 'JSX.IntrinsicElements' exists.
src/components/schedule/lesson-dialog.tsx(99,212): error TS7026: JSX element implicitly has type 'any' because no interface 'JSX.IntrinsicElements' exists.
src/components/schedule/lesson-dialog.tsx(100,7): error TS7026: JSX element implicitly has type 'any' because no interface 'JSX.IntrinsicElements' exists.
src/components/schedule/toolbar.tsx(3,73): error TS2307: Cannot find module 'lucide-react' or its corresponding type declarations.
src/components/schedule/toolbar.tsx(6,26): error TS2307: Cannot find module 'react' or its corresponding type declarations.
src/components/schedule/toolbar.tsx(33,10): error TS7026: JSX element implicitly has type 'any' because no interface 'JSX.IntrinsicElements' exists.
src/components/schedule/toolbar.tsx(33,10): error TS2875: This JSX tag requires the module path 'react/jsx-runtime' to exist, but none could be found. Make sure you have types for the appropriate package installed.
src/components/schedule/toolbar.tsx(34,5): error TS7026: JSX element implicitly has type 'any' because no interface 'JSX.IntrinsicElements' exists.
src/components/schedule/toolbar.tsx(36,129): error TS7026: JSX element implicitly has type 'any' because no interface 'JSX.IntrinsicElements' exists.
src/components/schedule/toolbar.tsx(36,148): error TS7026: JSX element implicitly has type 'any' because no interface 'JSX.IntrinsicElements' exists.
src/components/schedule/toolbar.tsx(38,146): error TS7026: JSX element implicitly has type 'any' because no interface 'JSX.IntrinsicElements' exists.
src/components/schedule/toolbar.tsx(38,175): error TS7026: JSX element implicitly has type 'any' because no interface 'JSX.IntrinsicElements' exists.
src/components/schedule/toolbar.tsx(39,127): error TS7026: JSX element implicitly has type 'any' because no interface 'JSX.IntrinsicElements' exists.
src/components/schedule/toolbar.tsx(39,196): error TS7026: JSX element implicitly has type 'any' because no interface 'JSX.IntrinsicElements' exists.
src/components/schedule/toolbar.tsx(40,5): error TS7026: JSX element implicitly has type 'any' because no interface 'JSX.IntrinsicElements' exists.
src/components/schedule/toolbar.tsx(41,5): error TS7026: JSX element implicitly has type 'any' because no interface 'JSX.IntrinsicElements' exists.
src/components/schedule/toolbar.tsx(42,167): error TS7026: JSX element implicitly has type 'any' because no interface 'JSX.IntrinsicElements' exists.
src/components/schedule/toolbar.tsx(42,237): error TS7026: JSX element implicitly has type 'any' because no interface 'JSX.IntrinsicElements' exists.
src/components/schedule/toolbar.tsx(46,5): error TS7026: JSX element implicitly has type 'any' because no interface 'JSX.IntrinsicElements' exists.
src/components/schedule/toolbar.tsx(47,18): error TS7026: JSX element implicitly has type 'any' because no interface 'JSX.IntrinsicElements' exists.
src/components/schedule/toolbar.tsx(52,5): error TS7026: JSX element implicitly has type 'any' because no interface 'JSX.IntrinsicElements' exists.
src/components/schedule/toolbar.tsx(53,3): error TS7026: JSX element implicitly has type 'any' because no interface 'JSX.IntrinsicElements' exists.
src/components/shared/brand.tsx(1,18): error TS2307: Cannot find module 'next/link' or its corresponding type declarations.
src/components/shared/brand.tsx(2,32): error TS2307: Cannot find module 'lucide-react' or its corresponding type declarations.
src/components/shared/brand.tsx(5,5): error TS2875: This JSX tag requires the module path 'react/jsx-runtime' to exist, but none could be found. Make sure you have types for the appropriate package installed.
src/components/shared/brand.tsx(6,7): error TS7026: JSX element implicitly has type 'any' because no interface 'JSX.IntrinsicElements' exists.
src/components/shared/brand.tsx(8,7): error TS7026: JSX element implicitly has type 'any' because no interface 'JSX.IntrinsicElements' exists.
src/components/shared/brand.tsx(9,7): error TS7026: JSX element implicitly has type 'any' because no interface 'JSX.IntrinsicElements' exists.
src/components/shared/brand.tsx(10,14): error TS7026: JSX element implicitly has type 'any' because no interface 'JSX.IntrinsicElements' exists.
src/components/shared/brand.tsx(10,48): error TS7026: JSX element implicitly has type 'any' because no interface 'JSX.IntrinsicElements' exists.
src/components/shared/brand.tsx(11,9): error TS7026: JSX element implicitly has type 'any' because no interface 'JSX.IntrinsicElements' exists.
src/components/shared/brand.tsx(11,38): error TS7026: JSX element implicitly has type 'any' because no interface 'JSX.IntrinsicElements' exists.
src/components/shared/brand.tsx(12,7): error TS7026: JSX element implicitly has type 'any' because no interface 'JSX.IntrinsicElements' exists.
src/components/shared/empty-state.tsx(6,8): error TS2307: Cannot find module 'lucide-react' or its corresponding type declarations.
src/components/shared/empty-state.tsx(26,5): error TS7026: JSX element implicitly has type 'any' because no interface 'JSX.IntrinsicElements' exists.
src/components/shared/empty-state.tsx(26,5): error TS2875: This JSX tag requires the module path 'react/jsx-runtime' to exist, but none could be found. Make sure you have types for the appropriate package installed.
src/components/shared/empty-state.tsx(27,7): error TS7026: JSX element implicitly has type 'any' because no interface 'JSX.IntrinsicElements' exists.
src/components/shared/empty-state.tsx(29,7): error TS7026: JSX element implicitly has type 'any' because no interface 'JSX.IntrinsicElements' exists.
src/components/shared/empty-state.tsx(30,17): error TS7026: JSX element implicitly has type 'any' because no interface 'JSX.IntrinsicElements' exists.
src/components/shared/empty-state.tsx(30,61): error TS7026: JSX element implicitly has type 'any' because no interface 'JSX.IntrinsicElements' exists.
src/components/shared/empty-state.tsx(31,7): error TS7026: JSX element implicitly has type 'any' because no interface 'JSX.IntrinsicElements' exists.
src/components/shared/empty-state.tsx(31,18): error TS7026: JSX element implicitly has type 'any' because no interface 'JSX.IntrinsicElements' exists.
src/components/shared/empty-state.tsx(32,23): error TS7026: JSX element implicitly has type 'any' because no interface 'JSX.IntrinsicElements' exists.
src/components/shared/empty-state.tsx(32,39): error TS7026: JSX element implicitly has type 'any' because no interface 'JSX.IntrinsicElements' exists.
src/components/shared/empty-state.tsx(33,5): error TS7026: JSX element implicitly has type 'any' because no interface 'JSX.IntrinsicElements' exists.
src/components/shared/loading.tsx(3,5): error TS7026: JSX element implicitly has type 'any' because no interface 'JSX.IntrinsicElements' exists.
src/components/shared/loading.tsx(3,5): error TS2875: This JSX tag requires the module path 'react/jsx-runtime' to exist, but none could be found. Make sure you have types for the appropriate package installed.
src/components/shared/loading.tsx(4,7): error TS7026: JSX element implicitly has type 'any' because no interface 'JSX.IntrinsicElements' exists.
src/components/shared/loading.tsx(5,7): error TS7026: JSX element implicitly has type 'any' because no interface 'JSX.IntrinsicElements' exists.
src/components/shared/loading.tsx(6,7): error TS7026: JSX element implicitly has type 'any' because no interface 'JSX.IntrinsicElements' exists.
src/components/shared/loading.tsx(7,5): error TS7026: JSX element implicitly has type 'any' because no interface 'JSX.IntrinsicElements' exists.
src/components/shared/page-heading.tsx(11,5): error TS7026: JSX element implicitly has type 'any' because no interface 'JSX.IntrinsicElements' exists.
src/components/shared/page-heading.tsx(11,5): error TS2875: This JSX tag requires the module path 'react/jsx-runtime' to exist, but none could be found. Make sure you have types for the appropriate package installed.
src/components/shared/page-heading.tsx(12,7): error TS7026: JSX element implicitly has type 'any' because no interface 'JSX.IntrinsicElements' exists.
src/components/shared/page-heading.tsx(13,9): error TS7026: JSX element implicitly has type 'any' because no interface 'JSX.IntrinsicElements' exists.
src/components/shared/page-heading.tsx(15,35): error TS7026: JSX element implicitly has type 'any' because no interface 'JSX.IntrinsicElements' exists.
src/components/shared/page-heading.tsx(15,72): error TS7026: JSX element implicitly has type 'any' because no interface 'JSX.IntrinsicElements' exists.
src/components/shared/page-heading.tsx(16,9): error TS7026: JSX element implicitly has type 'any' because no interface 'JSX.IntrinsicElements' exists.
src/components/shared/page-heading.tsx(17,9): error TS7026: JSX element implicitly has type 'any' because no interface 'JSX.IntrinsicElements' exists.
src/components/shared/page-heading.tsx(17,25): error TS7026: JSX element implicitly has type 'any' because no interface 'JSX.IntrinsicElements' exists.
src/components/shared/page-heading.tsx(18,7): error TS7026: JSX element implicitly has type 'any' because no interface 'JSX.IntrinsicElements' exists.
src/components/shared/page-heading.tsx(19,5): error TS7026: JSX element implicitly has type 'any' because no interface 'JSX.IntrinsicElements' exists.
src/components/shared/token-page.tsx(1,18): error TS2307: Cannot find module 'next/link' or its corresponding type declarations.
src/components/shared/token-page.tsx(2,26): error TS2307: Cannot find module 'lucide-react' or its corresponding type declarations.
src/components/shared/token-page.tsx(27,7): error TS7026: JSX element implicitly has type 'any' because no interface 'JSX.IntrinsicElements' exists.
src/components/shared/token-page.tsx(27,7): error TS2875: This JSX tag requires the module path 'react/jsx-runtime' to exist, but none could be found. Make sure you have types for the appropriate package installed.
src/components/shared/token-page.tsx(28,9): error TS7026: JSX element implicitly has type 'any' because no interface 'JSX.IntrinsicElements' exists.
src/components/shared/token-page.tsx(29,11): error TS7026: JSX element implicitly has type 'any' because no interface 'JSX.IntrinsicElements' exists.
src/components/shared/token-page.tsx(31,11): error TS7026: JSX element implicitly has type 'any' because no interface 'JSX.IntrinsicElements' exists.
src/components/shared/token-page.tsx(32,11): error TS7026: JSX element implicitly has type 'any' because no interface 'JSX.IntrinsicElements' exists.
src/components/shared/token-page.tsx(40,11): error TS7026: JSX element implicitly has type 'any' because no interface 'JSX.IntrinsicElements' exists.
src/components/shared/token-page.tsx(41,11): error TS7026: JSX element implicitly has type 'any' because no interface 'JSX.IntrinsicElements' exists.
src/components/shared/token-page.tsx(45,11): error TS7026: JSX element implicitly has type 'any' because no interface 'JSX.IntrinsicElements' exists.
src/components/shared/token-page.tsx(46,9): error TS7026: JSX element implicitly has type 'any' because no interface 'JSX.IntrinsicElements' exists.
src/components/shared/token-page.tsx(52,7): error TS7026: JSX element implicitly has type 'any' because no interface 'JSX.IntrinsicElements' exists.
src/components/shared/token-page.tsx(55,5): error TS7026: JSX element implicitly has type 'any' because no interface 'JSX.IntrinsicElements' exists.
src/components/shared/token-page.tsx(56,7): error TS7026: JSX element implicitly has type 'any' because no interface 'JSX.IntrinsicElements' exists.
src/components/shared/token-page.tsx(57,9): error TS7026: JSX element implicitly has type 'any' because no interface 'JSX.IntrinsicElements' exists.
src/components/shared/token-page.tsx(59,9): error TS7026: JSX element implicitly has type 'any' because no interface 'JSX.IntrinsicElements' exists.
src/components/shared/token-page.tsx(60,9): error TS7026: JSX element implicitly has type 'any' because no interface 'JSX.IntrinsicElements' exists.
src/components/shared/token-page.tsx(60,72): error TS7026: JSX element implicitly has type 'any' because no interface 'JSX.IntrinsicElements' exists.
src/components/shared/token-page.tsx(61,9): error TS7026: JSX element implicitly has type 'any' because no interface 'JSX.IntrinsicElements' exists.
src/components/shared/token-page.tsx(65,9): error TS7026: JSX element implicitly has type 'any' because no interface 'JSX.IntrinsicElements' exists.
src/components/shared/token-page.tsx(66,7): error TS7026: JSX element implicitly has type 'any' because no interface 'JSX.IntrinsicElements' exists.
src/components/shared/token-page.tsx(68,5): error TS7026: JSX element implicitly has type 'any' because no interface 'JSX.IntrinsicElements' exists.
src/components/statistics/statistics-view.tsx(3,52): error TS2307: Cannot find module 'react' or its corresponding type declarations.
src/components/statistics/statistics-view.tsx(4,40): error TS2307: Cannot find module 'next/navigation' or its corresponding type declarations.
src/components/statistics/statistics-view.tsx(13,8): error TS2307: Cannot find module 'recharts' or its corresponding type declarations.
src/components/statistics/statistics-view.tsx(20,8): error TS2307: Cannot find module 'lucide-react' or its corresponding type declarations.
src/components/statistics/statistics-view.tsx(57,5): error TS7026: JSX element implicitly has type 'any' because no interface 'JSX.IntrinsicElements' exists.
src/components/statistics/statistics-view.tsx(57,5): error TS2875: This JSX tag requires the module path 'react/jsx-runtime' to exist, but none could be found. Make sure you have types for the appropriate package installed.
src/components/statistics/statistics-view.tsx(58,7): error TS7026: JSX element implicitly has type 'any' because no interface 'JSX.IntrinsicElements' exists.
src/components/statistics/statistics-view.tsx(59,9): error TS7026: JSX element implicitly has type 'any' because no interface 'JSX.IntrinsicElements' exists.
src/components/statistics/statistics-view.tsx(61,13): error TS7026: JSX element implicitly has type 'any' because no interface 'JSX.IntrinsicElements' exists.
src/components/statistics/statistics-view.tsx(62,15): error TS7026: JSX element implicitly has type 'any' because no interface 'JSX.IntrinsicElements' exists.
src/components/statistics/statistics-view.tsx(69,15): error TS7026: JSX element implicitly has type 'any' because no interface 'JSX.IntrinsicElements' exists.
src/components/statistics/statistics-view.tsx(69,29): error TS7026: JSX element implicitly has type 'any' because no interface 'JSX.IntrinsicElements' exists.
src/components/statistics/statistics-view.tsx(70,13): error TS7026: JSX element implicitly has type 'any' because no interface 'JSX.IntrinsicElements' exists.
src/components/statistics/statistics-view.tsx(72,11): error TS7026: JSX element implicitly has type 'any' because no interface 'JSX.IntrinsicElements' exists.
src/components/statistics/statistics-view.tsx(73,13): error TS7026: JSX element implicitly has type 'any' because no interface 'JSX.IntrinsicElements' exists.
src/components/statistics/statistics-view.tsx(80,13): error TS7026: JSX element implicitly has type 'any' because no interface 'JSX.IntrinsicElements' exists.
src/components/statistics/statistics-view.tsx(83,13): error TS7026: JSX element implicitly has type 'any' because no interface 'JSX.IntrinsicElements' exists.
src/components/statistics/statistics-view.tsx(84,11): error TS7026: JSX element implicitly has type 'any' because no interface 'JSX.IntrinsicElements' exists.
src/components/statistics/statistics-view.tsx(85,9): error TS7026: JSX element implicitly has type 'any' because no interface 'JSX.IntrinsicElements' exists.
src/components/statistics/statistics-view.tsx(92,13): error TS7026: JSX element implicitly has type 'any' because no interface 'JSX.IntrinsicElements' exists.
src/components/statistics/statistics-view.tsx(92,46): error TS7026: JSX element implicitly has type 'any' because no interface 'JSX.IntrinsicElements' exists.
src/components/statistics/statistics-view.tsx(94,15): error TS7026: JSX element implicitly has type 'any' because no interface 'JSX.IntrinsicElements' exists.
src/components/statistics/statistics-view.tsx(96,15): error TS7026: JSX element implicitly has type 'any' because no interface 'JSX.IntrinsicElements' exists.
src/components/statistics/statistics-view.tsx(106,13): error TS7026: JSX element implicitly has type 'any' because no interface 'JSX.IntrinsicElements' exists.
src/components/statistics/statistics-view.tsx(108,13): error TS7026: JSX element implicitly has type 'any' because no interface 'JSX.IntrinsicElements' exists.
src/components/statistics/statistics-view.tsx(115,11): error TS7026: JSX element implicitly has type 'any' because no interface 'JSX.IntrinsicElements' exists.
src/components/statistics/statistics-view.tsx(116,13): error TS7026: JSX element implicitly has type 'any' because no interface 'JSX.IntrinsicElements' exists.
src/components/statistics/statistics-view.tsx(118,15): error TS7026: JSX element implicitly has type 'any' because no interface 'JSX.IntrinsicElements' exists.
src/components/statistics/statistics-view.tsx(124,13): error TS7026: JSX element implicitly has type 'any' because no interface 'JSX.IntrinsicElements' exists.
src/components/statistics/statistics-view.tsx(125,13): error TS7026: JSX element implicitly has type 'any' because no interface 'JSX.IntrinsicElements' exists.
src/components/statistics/statistics-view.tsx(125,20): error TS7026: JSX element implicitly has type 'any' because no interface 'JSX.IntrinsicElements' exists.
src/components/statistics/statistics-view.tsx(126,13): error TS7026: JSX element implicitly has type 'any' because no interface 'JSX.IntrinsicElements' exists.
src/components/statistics/statistics-view.tsx(128,15): error TS7026: JSX element implicitly has type 'any' because no interface 'JSX.IntrinsicElements' exists.
src/components/statistics/statistics-view.tsx(134,13): error TS7026: JSX element implicitly has type 'any' because no interface 'JSX.IntrinsicElements' exists.
src/components/statistics/statistics-view.tsx(135,11): error TS7026: JSX element implicitly has type 'any' because no interface 'JSX.IntrinsicElements' exists.
src/components/statistics/statistics-view.tsx(137,7): error TS7026: JSX element implicitly has type 'any' because no interface 'JSX.IntrinsicElements' exists.
src/components/statistics/statistics-view.tsx(138,7): error TS7026: JSX element implicitly has type 'any' because no interface 'JSX.IntrinsicElements' exists.
src/components/statistics/statistics-view.tsx(140,11): error TS7026: JSX element implicitly has type 'any' because no interface 'JSX.IntrinsicElements' exists.
src/components/statistics/statistics-view.tsx(144,13): error TS7026: JSX element implicitly has type 'any' because no interface 'JSX.IntrinsicElements' exists.
src/components/statistics/statistics-view.tsx(145,15): error TS7026: JSX element implicitly has type 'any' because no interface 'JSX.IntrinsicElements' exists.
src/components/statistics/statistics-view.tsx(145,28): error TS7026: JSX element implicitly has type 'any' because no interface 'JSX.IntrinsicElements' exists.
src/components/statistics/statistics-view.tsx(147,13): error TS7026: JSX element implicitly has type 'any' because no interface 'JSX.IntrinsicElements' exists.
src/components/statistics/statistics-view.tsx(148,13): error TS7026: JSX element implicitly has type 'any' because no interface 'JSX.IntrinsicElements' exists.
src/components/statistics/statistics-view.tsx(150,15): error TS7026: JSX element implicitly has type 'any' because no interface 'JSX.IntrinsicElements' exists.
src/components/statistics/statistics-view.tsx(150,27): error TS7026: JSX element implicitly has type 'any' because no interface 'JSX.IntrinsicElements' exists.
src/components/statistics/statistics-view.tsx(151,13): error TS7026: JSX element implicitly has type 'any' because no interface 'JSX.IntrinsicElements' exists.
src/components/statistics/statistics-view.tsx(152,13): error TS7026: JSX element implicitly has type 'any' because no interface 'JSX.IntrinsicElements' exists.
src/components/statistics/statistics-view.tsx(152,39): error TS7026: JSX element implicitly has type 'any' because no interface 'JSX.IntrinsicElements' exists.
src/components/statistics/statistics-view.tsx(153,11): error TS7026: JSX element implicitly has type 'any' because no interface 'JSX.IntrinsicElements' exists.
src/components/statistics/statistics-view.tsx(155,7): error TS7026: JSX element implicitly has type 'any' because no interface 'JSX.IntrinsicElements' exists.
src/components/statistics/statistics-view.tsx(156,7): error TS7026: JSX element implicitly has type 'any' because no interface 'JSX.IntrinsicElements' exists.
src/components/statistics/statistics-view.tsx(157,9): error TS7026: JSX element implicitly has type 'any' because no interface 'JSX.IntrinsicElements' exists.
src/components/statistics/statistics-view.tsx(158,11): error TS7026: JSX element implicitly has type 'any' because no interface 'JSX.IntrinsicElements' exists.
src/components/statistics/statistics-view.tsx(159,13): error TS7026: JSX element implicitly has type 'any' because no interface 'JSX.IntrinsicElements' exists.
src/components/statistics/statistics-view.tsx(159,31): error TS7026: JSX element implicitly has type 'any' because no interface 'JSX.IntrinsicElements' exists.
src/components/statistics/statistics-view.tsx(160,13): error TS7026: JSX element implicitly has type 'any' because no interface 'JSX.IntrinsicElements' exists.
src/components/statistics/statistics-view.tsx(163,13): error TS7026: JSX element implicitly has type 'any' because no interface 'JSX.IntrinsicElements' exists.
src/components/statistics/statistics-view.tsx(164,11): error TS7026: JSX element implicitly has type 'any' because no interface 'JSX.IntrinsicElements' exists.
src/components/statistics/statistics-view.tsx(165,11): error TS7026: JSX element implicitly has type 'any' because no interface 'JSX.IntrinsicElements' exists.
src/components/statistics/statistics-view.tsx(166,13): error TS7026: JSX element implicitly has type 'any' because no interface 'JSX.IntrinsicElements' exists.
src/components/statistics/statistics-view.tsx(168,11): error TS7026: JSX element implicitly has type 'any' because no interface 'JSX.IntrinsicElements' exists.
src/components/statistics/statistics-view.tsx(169,9): error TS7026: JSX element implicitly has type 'any' because no interface 'JSX.IntrinsicElements' exists.
src/components/statistics/statistics-view.tsx(170,9): error TS7026: JSX element implicitly has type 'any' because no interface 'JSX.IntrinsicElements' exists.
src/components/statistics/statistics-view.tsx(196,29): error TS7006: Parameter 'value' implicitly has an 'any' type.
src/components/statistics/statistics-view.tsx(209,13): error TS7026: JSX element implicitly has type 'any' because no interface 'JSX.IntrinsicElements' exists.
src/components/statistics/statistics-view.tsx(210,15): error TS7026: JSX element implicitly has type 'any' because no interface 'JSX.IntrinsicElements' exists.
src/components/statistics/statistics-view.tsx(212,15): error TS7026: JSX element implicitly has type 'any' because no interface 'JSX.IntrinsicElements' exists.
src/components/statistics/statistics-view.tsx(213,15): error TS7026: JSX element implicitly has type 'any' because no interface 'JSX.IntrinsicElements' exists.
src/components/statistics/statistics-view.tsx(213,49): error TS7026: JSX element implicitly has type 'any' because no interface 'JSX.IntrinsicElements' exists.
src/components/statistics/statistics-view.tsx(214,15): error TS7026: JSX element implicitly has type 'any' because no interface 'JSX.IntrinsicElements' exists.
src/components/statistics/statistics-view.tsx(214,60): error TS7026: JSX element implicitly has type 'any' because no interface 'JSX.IntrinsicElements' exists.
src/components/statistics/statistics-view.tsx(215,13): error TS7026: JSX element implicitly has type 'any' because no interface 'JSX.IntrinsicElements' exists.
src/components/statistics/statistics-view.tsx(217,9): error TS7026: JSX element implicitly has type 'any' because no interface 'JSX.IntrinsicElements' exists.
src/components/statistics/statistics-view.tsx(218,7): error TS7026: JSX element implicitly has type 'any' because no interface 'JSX.IntrinsicElements' exists.
src/components/statistics/statistics-view.tsx(219,5): error TS7026: JSX element implicitly has type 'any' because no interface 'JSX.IntrinsicElements' exists.
src/components/ui/button.tsx(1,24): error TS2307: Cannot find module 'react' or its corresponding type declarations.
src/components/ui/button.tsx(2,22): error TS2307: Cannot find module '@radix-ui/react-slot' or its corresponding type declarations.
src/components/ui/button.tsx(3,40): error TS2307: Cannot find module 'class-variance-authority' or its corresponding type declarations.
src/components/ui/button.tsx(27,5): error TS2875: This JSX tag requires the module path 'react/jsx-runtime' to exist, but none could be found. Make sure you have types for the appropriate package installed.
src/components/ui/combobox.tsx(3,55): error TS2875: This JSX tag requires the module path 'react/jsx-runtime' to exist, but none could be found. Make sure you have types for the appropriate package installed.
src/components/ui/dialog.tsx(2,24): error TS2307: Cannot find module 'react' or its corresponding type declarations.
src/components/ui/dialog.tsx(3,34): error TS2307: Cannot find module '@radix-ui/react-dialog' or its corresponding type declarations.
src/components/ui/dialog.tsx(4,19): error TS2307: Cannot find module 'lucide-react' or its corresponding type declarations.
src/components/ui/dialog.tsx(17,5): error TS2875: This JSX tag requires the module path 'react/jsx-runtime' to exist, but none could be found. Make sure you have types for the appropriate package installed.
src/components/ui/select.tsx(2,131): error TS2307: Cannot find module 'react' or its corresponding type declarations.
src/components/ui/select.tsx(3,30): error TS2307: Cannot find module 'react-dom' or its corresponding type declarations.
src/components/ui/select.tsx(4,44): error TS2307: Cannot find module 'lucide-react' or its corresponding type declarations.
src/components/ui/select.tsx(8,37): error TS7006: Parameter 'n' implicitly has an 'any' type.
src/components/ui/select.tsx(11,45): error TS7006: Parameter 'n' implicitly has an 'any' type.
src/components/ui/select.tsx(59,24): error TS2503: Cannot find namespace 'React'.
src/components/ui/select.tsx(82,10): error TS7026: JSX element implicitly has type 'any' because no interface 'JSX.IntrinsicElements' exists.
src/components/ui/select.tsx(82,10): error TS2875: This JSX tag requires the module path 'react/jsx-runtime' to exist, but none could be found. Make sure you have types for the appropriate package installed.
src/components/ui/select.tsx(83,14): error TS7026: JSX element implicitly has type 'any' because no interface 'JSX.IntrinsicElements' exists.
src/components/ui/select.tsx(84,5): error TS7026: JSX element implicitly has type 'any' because no interface 'JSX.IntrinsicElements' exists.
src/components/ui/select.tsx(89,7): error TS7026: JSX element implicitly has type 'any' because no interface 'JSX.IntrinsicElements' exists.
src/components/ui/select.tsx(89,73): error TS7026: JSX element implicitly has type 'any' because no interface 'JSX.IntrinsicElements' exists.
src/components/ui/select.tsx(90,5): error TS7026: JSX element implicitly has type 'any' because no interface 'JSX.IntrinsicElements' exists.
src/components/ui/select.tsx(91,53): error TS7026: JSX element implicitly has type 'any' because no interface 'JSX.IntrinsicElements' exists.
src/components/ui/select.tsx(92,22): error TS7026: JSX element implicitly has type 'any' because no interface 'JSX.IntrinsicElements' exists.
src/components/ui/select.tsx(92,88): error TS7026: JSX element implicitly has type 'any' because no interface 'JSX.IntrinsicElements' exists.
src/components/ui/select.tsx(92,241): error TS7006: Parameter 'e' implicitly has an 'any' type.
src/components/ui/select.tsx(92,393): error TS7026: JSX element implicitly has type 'any' because no interface 'JSX.IntrinsicElements' exists.
src/components/ui/select.tsx(93,7): error TS7026: JSX element implicitly has type 'any' because no interface 'JSX.IntrinsicElements' exists.
src/components/ui/select.tsx(94,51): error TS7026: JSX element implicitly has type 'any' because no interface 'JSX.IntrinsicElements' exists.
src/components/ui/select.tsx(94,327): error TS7006: Parameter 'e' implicitly has an 'any' type.
src/components/ui/select.tsx(94,378): error TS7026: JSX element implicitly has type 'any' because no interface 'JSX.IntrinsicElements' exists.
src/components/ui/select.tsx(94,393): error TS7026: JSX element implicitly has type 'any' because no interface 'JSX.IntrinsicElements' exists.
src/components/ui/select.tsx(94,457): error TS7026: JSX element implicitly has type 'any' because no interface 'JSX.IntrinsicElements' exists.
src/components/ui/select.tsx(94,467): error TS7026: JSX element implicitly has type 'any' because no interface 'JSX.IntrinsicElements' exists.
src/components/ui/select.tsx(94,515): error TS7026: JSX element implicitly has type 'any' because no interface 'JSX.IntrinsicElements' exists.
src/components/ui/select.tsx(95,7): error TS7026: JSX element implicitly has type 'any' because no interface 'JSX.IntrinsicElements' exists.
src/components/ui/select.tsx(96,5): error TS7026: JSX element implicitly has type 'any' because no interface 'JSX.IntrinsicElements' exists.
src/components/ui/select.tsx(97,3): error TS7026: JSX element implicitly has type 'any' because no interface 'JSX.IntrinsicElements' exists.
src/components/ui/toaster.tsx(2,37): error TS2307: Cannot find module 'react' or its corresponding type declarations.
src/components/ui/toaster.tsx(3,51): error TS2307: Cannot find module 'lucide-react' or its corresponding type declarations.
src/components/ui/toaster.tsx(25,18): error TS7006: Parameter 'old' implicitly has an 'any' type.
src/components/ui/toaster.tsx(25,40): error TS7006: Parameter 'n' implicitly has an 'any' type.
src/components/ui/toaster.tsx(26,51): error TS7006: Parameter 'old' implicitly has an 'any' type.
src/components/ui/toaster.tsx(26,69): error TS7006: Parameter 'n' implicitly has an 'any' type.
src/components/ui/toaster.tsx(32,10): error TS7026: JSX element implicitly has type 'any' because no interface 'JSX.IntrinsicElements' exists.
src/components/ui/toaster.tsx(32,10): error TS2875: This JSX tag requires the module path 'react/jsx-runtime' to exist, but none could be found. Make sure you have types for the appropriate package installed.
src/components/ui/toaster.tsx(32,80): error TS7006: Parameter 'n' implicitly has an 'any' type.
src/components/ui/toaster.tsx(34,12): error TS7026: JSX element implicitly has type 'any' because no interface 'JSX.IntrinsicElements' exists.
src/components/ui/toaster.tsx(34,147): error TS7026: JSX element implicitly has type 'any' because no interface 'JSX.IntrinsicElements' exists.
src/components/ui/toaster.tsx(34,161): error TS7026: JSX element implicitly has type 'any' because no interface 'JSX.IntrinsicElements' exists.
src/components/ui/toaster.tsx(34,168): error TS7026: JSX element implicitly has type 'any' because no interface 'JSX.IntrinsicElements' exists.
src/components/ui/toaster.tsx(34,249): error TS7006: Parameter 'old' implicitly has an 'any' type.
src/components/ui/toaster.tsx(34,267): error TS7006: Parameter 'x' implicitly has an 'any' type.
src/components/ui/toaster.tsx(34,304): error TS7026: JSX element implicitly has type 'any' because no interface 'JSX.IntrinsicElements' exists.
src/components/ui/toaster.tsx(34,313): error TS7026: JSX element implicitly has type 'any' because no interface 'JSX.IntrinsicElements' exists.
src/components/ui/toaster.tsx(35,6): error TS7026: JSX element implicitly has type 'any' because no interface 'JSX.IntrinsicElements' exists.
src/components/ui/tooltip.tsx(1,39): error TS2307: Cannot find module 'react' or its corresponding type declarations.
src/components/ui/tooltip.tsx(4,10): error TS7026: JSX element implicitly has type 'any' because no interface 'JSX.IntrinsicElements' exists.
src/components/ui/tooltip.tsx(4,10): error TS2875: This JSX tag requires the module path 'react/jsx-runtime' to exist, but none could be found. Make sure you have types for the appropriate package installed.
src/components/ui/tooltip.tsx(4,84): error TS7026: JSX element implicitly has type 'any' because no interface 'JSX.IntrinsicElements' exists.
src/components/ui/tooltip.tsx(4,119): error TS7026: JSX element implicitly has type 'any' because no interface 'JSX.IntrinsicElements' exists.
src/components/ui/tooltip.tsx(4,126): error TS7026: JSX element implicitly has type 'any' because no interface 'JSX.IntrinsicElements' exists.
src/features/admin/actions.ts(2,19): error TS2307: Cannot find module 'zod' or its corresponding type declarations.
src/features/admin/actions.ts(3,32): error TS2307: Cannot find module 'next/cache' or its corresponding type declarations.
src/features/applications/actions.ts(2,19): error TS2307: Cannot find module 'zod' or its corresponding type declarations.
src/features/auth/actions.ts(2,19): error TS2307: Cannot find module 'zod' or its corresponding type declarations.
src/features/auth/actions.ts(3,26): error TS2307: Cannot find module 'next/navigation' or its corresponding type declarations.
src/features/auth/actions.ts(4,25): error TS2307: Cannot find module 'next/headers' or its corresponding type declarations.
src/features/auth/actions.ts(27,4): error TS2366: Function lacks ending return statement and return type does not include 'undefined'.
src/features/people/page.tsx(2,48): error TS2307: Cannot find module 'lucide-react' or its corresponding type declarations.
src/features/people/page.tsx(61,5): error TS2875: This JSX tag requires the module path 'react/jsx-runtime' to exist, but none could be found. Make sure you have types for the appropriate package installed.
src/features/people/page.tsx(75,7): error TS7026: JSX element implicitly has type 'any' because no interface 'JSX.IntrinsicElements' exists.
src/features/people/page.tsx(77,11): error TS7026: JSX element implicitly has type 'any' because no interface 'JSX.IntrinsicElements' exists.
src/features/people/page.tsx(78,13): error TS7026: JSX element implicitly has type 'any' because no interface 'JSX.IntrinsicElements' exists.
src/features/people/page.tsx(80,15): error TS7026: JSX element implicitly has type 'any' because no interface 'JSX.IntrinsicElements' exists.
src/features/people/page.tsx(87,13): error TS7026: JSX element implicitly has type 'any' because no interface 'JSX.IntrinsicElements' exists.
src/features/people/page.tsx(101,15): error TS7026: JSX element implicitly has type 'any' because no interface 'JSX.IntrinsicElements' exists.
src/features/people/page.tsx(103,15): error TS7026: JSX element implicitly has type 'any' because no interface 'JSX.IntrinsicElements' exists.
src/features/people/page.tsx(108,23): error TS7026: JSX element implicitly has type 'any' because no interface 'JSX.IntrinsicElements' exists.
src/features/people/page.tsx(110,23): error TS7026: JSX element implicitly has type 'any' because no interface 'JSX.IntrinsicElements' exists.
src/features/people/page.tsx(113,21): error TS7026: JSX element implicitly has type 'any' because no interface 'JSX.IntrinsicElements' exists.
src/features/people/page.tsx(115,21): error TS7026: JSX element implicitly has type 'any' because no interface 'JSX.IntrinsicElements' exists.
src/features/people/page.tsx(121,11): error TS7026: JSX element implicitly has type 'any' because no interface 'JSX.IntrinsicElements' exists.
src/features/people/page.tsx(142,11): error TS7026: JSX element implicitly has type 'any' because no interface 'JSX.IntrinsicElements' exists.
src/features/people/page.tsx(143,13): error TS7026: JSX element implicitly has type 'any' because no interface 'JSX.IntrinsicElements' exists.
src/features/people/page.tsx(144,15): error TS7026: JSX element implicitly has type 'any' because no interface 'JSX.IntrinsicElements' exists.
src/features/people/page.tsx(144,69): error TS7026: JSX element implicitly has type 'any' because no interface 'JSX.IntrinsicElements' exists.
src/features/people/page.tsx(145,15): error TS7026: JSX element implicitly has type 'any' because no interface 'JSX.IntrinsicElements' exists.
src/features/people/page.tsx(149,15): error TS7026: JSX element implicitly has type 'any' because no interface 'JSX.IntrinsicElements' exists.
src/features/people/page.tsx(150,25): error TS7026: JSX element implicitly has type 'any' because no interface 'JSX.IntrinsicElements' exists.
src/features/people/page.tsx(150,41): error TS7026: JSX element implicitly has type 'any' because no interface 'JSX.IntrinsicElements' exists.
src/features/people/page.tsx(151,13): error TS7026: JSX element implicitly has type 'any' because no interface 'JSX.IntrinsicElements' exists.
src/features/people/page.tsx(167,17): error TS7026: JSX element implicitly has type 'any' because no interface 'JSX.IntrinsicElements' exists.
src/features/people/page.tsx(171,19): error TS7026: JSX element implicitly has type 'any' because no interface 'JSX.IntrinsicElements' exists.
src/features/people/page.tsx(172,21): error TS7026: JSX element implicitly has type 'any' because no interface 'JSX.IntrinsicElements' exists.
src/features/people/page.tsx(172,69): error TS7026: JSX element implicitly has type 'any' because no interface 'JSX.IntrinsicElements' exists.
src/features/people/page.tsx(173,21): error TS7026: JSX element implicitly has type 'any' because no interface 'JSX.IntrinsicElements' exists.
src/features/people/page.tsx(174,23): error TS7026: JSX element implicitly has type 'any' because no interface 'JSX.IntrinsicElements' exists.
src/features/people/page.tsx(174,44): error TS7026: JSX element implicitly has type 'any' because no interface 'JSX.IntrinsicElements' exists.
src/features/people/page.tsx(176,25): error TS7026: JSX element implicitly has type 'any' because no interface 'JSX.IntrinsicElements' exists.
src/features/people/page.tsx(176,57): error TS7026: JSX element implicitly has type 'any' because no interface 'JSX.IntrinsicElements' exists.
src/features/people/page.tsx(178,21): error TS7026: JSX element implicitly has type 'any' because no interface 'JSX.IntrinsicElements' exists.
src/features/people/page.tsx(179,19): error TS7026: JSX element implicitly has type 'any' because no interface 'JSX.IntrinsicElements' exists.
src/features/people/page.tsx(180,19): error TS7026: JSX element implicitly has type 'any' because no interface 'JSX.IntrinsicElements' exists.
src/features/people/page.tsx(184,27): error TS7026: JSX element implicitly has type 'any' because no interface 'JSX.IntrinsicElements' exists.
src/features/people/page.tsx(186,29): error TS7026: JSX element implicitly has type 'any' because no interface 'JSX.IntrinsicElements' exists.
src/features/people/page.tsx(186,64): error TS7026: JSX element implicitly has type 'any' because no interface 'JSX.IntrinsicElements' exists.
src/features/people/page.tsx(187,27): error TS7026: JSX element implicitly has type 'any' because no interface 'JSX.IntrinsicElements' exists.
src/features/people/page.tsx(190,25): error TS7026: JSX element implicitly has type 'any' because no interface 'JSX.IntrinsicElements' exists.
src/features/people/page.tsx(190,63): error TS7026: JSX element implicitly has type 'any' because no interface 'JSX.IntrinsicElements' exists.
src/features/people/page.tsx(194,25): error TS7026: JSX element implicitly has type 'any' because no interface 'JSX.IntrinsicElements' exists.
src/features/people/page.tsx(197,25): error TS7026: JSX element implicitly has type 'any' because no interface 'JSX.IntrinsicElements' exists.
src/features/people/page.tsx(200,23): error TS7026: JSX element implicitly has type 'any' because no interface 'JSX.IntrinsicElements' exists.
src/features/people/page.tsx(200,68): error TS7026: JSX element implicitly has type 'any' because no interface 'JSX.IntrinsicElements' exists.
src/features/people/page.tsx(202,19): error TS7026: JSX element implicitly has type 'any' because no interface 'JSX.IntrinsicElements' exists.
src/features/people/page.tsx(204,21): error TS7026: JSX element implicitly has type 'any' because no interface 'JSX.IntrinsicElements' exists.
src/features/people/page.tsx(205,23): error TS7026: JSX element implicitly has type 'any' because no interface 'JSX.IntrinsicElements' exists.
src/features/people/page.tsx(213,23): error TS7026: JSX element implicitly has type 'any' because no interface 'JSX.IntrinsicElements' exists.
src/features/people/page.tsx(229,21): error TS7026: JSX element implicitly has type 'any' because no interface 'JSX.IntrinsicElements' exists.
src/features/people/page.tsx(231,17): error TS7026: JSX element implicitly has type 'any' because no interface 'JSX.IntrinsicElements' exists.
src/features/people/page.tsx(234,13): error TS7026: JSX element implicitly has type 'any' because no interface 'JSX.IntrinsicElements' exists.
src/features/people/page.tsx(236,15): error TS7026: JSX element implicitly has type 'any' because no interface 'JSX.IntrinsicElements' exists.
src/features/people/page.tsx(236,40): error TS7026: JSX element implicitly has type 'any' because no interface 'JSX.IntrinsicElements' exists.
src/features/people/page.tsx(237,13): error TS7026: JSX element implicitly has type 'any' because no interface 'JSX.IntrinsicElements' exists.
src/features/people/page.tsx(238,11): error TS7026: JSX element implicitly has type 'any' because no interface 'JSX.IntrinsicElements' exists.
src/features/people/page.tsx(240,7): error TS7026: JSX element implicitly has type 'any' because no interface 'JSX.IntrinsicElements' exists.
src/features/people/queries.ts(1,8): error TS2882: Cannot find module or type declarations for side-effect import of 'server-only'.
src/features/schedule/actions.ts(2,19): error TS2307: Cannot find module 'zod' or its corresponding type declarations.
src/features/schedule/page.tsx(8,5): error TS7026: JSX element implicitly has type 'any' because no interface 'JSX.IntrinsicElements' exists.
src/features/schedule/page.tsx(8,5): error TS2875: This JSX tag requires the module path 'react/jsx-runtime' to exist, but none could be found. Make sure you have types for the appropriate package installed.
src/features/schedule/page.tsx(14,5): error TS7026: JSX element implicitly has type 'any' because no interface 'JSX.IntrinsicElements' exists.
src/features/schedule/queries.ts(1,8): error TS2882: Cannot find module or type declarations for side-effect import of 'server-only'.
src/features/schedule/service.ts(1,8): error TS2882: Cannot find module or type declarations for side-effect import of 'server-only'.
src/features/schedule/service.ts(2,19): error TS2307: Cannot find module 'zod' or its corresponding type declarations.
src/features/schedule/validation.ts(1,19): error TS2307: Cannot find module 'zod' or its corresponding type declarations.
src/features/schedule/validation.ts(13,11): error TS7006: Parameter 'v' implicitly has an 'any' type.
src/features/settings/page.tsx(1,33): error TS2307: Cannot find module 'lucide-react' or its corresponding type declarations.
src/features/settings/page.tsx(23,5): error TS2875: This JSX tag requires the module path 'react/jsx-runtime' to exist, but none could be found. Make sure you have types for the appropriate package installed.
src/features/settings/page.tsx(28,7): error TS7026: JSX element implicitly has type 'any' because no interface 'JSX.IntrinsicElements' exists.
src/features/settings/page.tsx(29,9): error TS7026: JSX element implicitly has type 'any' because no interface 'JSX.IntrinsicElements' exists.
src/features/settings/page.tsx(30,11): error TS7026: JSX element implicitly has type 'any' because no interface 'JSX.IntrinsicElements' exists.
src/features/settings/page.tsx(31,13): error TS7026: JSX element implicitly has type 'any' because no interface 'JSX.IntrinsicElements' exists.
src/features/settings/page.tsx(33,13): error TS7026: JSX element implicitly has type 'any' because no interface 'JSX.IntrinsicElements' exists.
src/features/settings/page.tsx(34,13): error TS7026: JSX element implicitly has type 'any' because no interface 'JSX.IntrinsicElements' exists.
src/features/settings/page.tsx(35,15): error TS7026: JSX element implicitly has type 'any' because no interface 'JSX.IntrinsicElements' exists.
src/features/settings/page.tsx(35,32): error TS7026: JSX element implicitly has type 'any' because no interface 'JSX.IntrinsicElements' exists.
src/features/settings/page.tsx(36,15): error TS7026: JSX element implicitly has type 'any' because no interface 'JSX.IntrinsicElements' exists.
src/features/settings/page.tsx(36,53): error TS7026: JSX element implicitly has type 'any' because no interface 'JSX.IntrinsicElements' exists.
src/features/settings/page.tsx(37,13): error TS7026: JSX element implicitly has type 'any' because no interface 'JSX.IntrinsicElements' exists.
src/features/settings/page.tsx(38,11): error TS7026: JSX element implicitly has type 'any' because no interface 'JSX.IntrinsicElements' exists.
src/features/settings/page.tsx(40,11): error TS7026: JSX element implicitly has type 'any' because no interface 'JSX.IntrinsicElements' exists.
src/features/settings/page.tsx(42,11): error TS7026: JSX element implicitly has type 'any' because no interface 'JSX.IntrinsicElements' exists.
src/features/settings/page.tsx(43,9): error TS7026: JSX element implicitly has type 'any' because no interface 'JSX.IntrinsicElements' exists.
src/features/settings/page.tsx(44,9): error TS7026: JSX element implicitly has type 'any' because no interface 'JSX.IntrinsicElements' exists.
src/features/settings/page.tsx(45,11): error TS7026: JSX element implicitly has type 'any' because no interface 'JSX.IntrinsicElements' exists.
src/features/settings/page.tsx(46,13): error TS7026: JSX element implicitly has type 'any' because no interface 'JSX.IntrinsicElements' exists.
src/features/settings/page.tsx(48,13): error TS7026: JSX element implicitly has type 'any' because no interface 'JSX.IntrinsicElements' exists.
src/features/settings/page.tsx(49,13): error TS7026: JSX element implicitly has type 'any' because no interface 'JSX.IntrinsicElements' exists.
src/features/settings/page.tsx(50,15): error TS7026: JSX element implicitly has type 'any' because no interface 'JSX.IntrinsicElements' exists.
src/features/settings/page.tsx(50,27): error TS7026: JSX element implicitly has type 'any' because no interface 'JSX.IntrinsicElements' exists.
src/features/settings/page.tsx(51,15): error TS7026: JSX element implicitly has type 'any' because no interface 'JSX.IntrinsicElements' exists.
src/features/settings/page.tsx(51,57): error TS7026: JSX element implicitly has type 'any' because no interface 'JSX.IntrinsicElements' exists.
src/features/settings/page.tsx(52,13): error TS7026: JSX element implicitly has type 'any' because no interface 'JSX.IntrinsicElements' exists.
src/features/settings/page.tsx(53,11): error TS7026: JSX element implicitly has type 'any' because no interface 'JSX.IntrinsicElements' exists.
src/features/settings/page.tsx(55,11): error TS7026: JSX element implicitly has type 'any' because no interface 'JSX.IntrinsicElements' exists.
src/features/settings/page.tsx(57,34): error TS7006: Parameter 's' implicitly has an 'any' type.
src/features/settings/page.tsx(58,17): error TS7026: JSX element implicitly has type 'any' because no interface 'JSX.IntrinsicElements' exists.
src/features/settings/page.tsx(59,19): error TS7026: JSX element implicitly has type 'any' because no interface 'JSX.IntrinsicElements' exists.
src/features/settings/page.tsx(59,33): error TS7026: JSX element implicitly has type 'any' because no interface 'JSX.IntrinsicElements' exists.
src/features/settings/page.tsx(61,17): error TS7026: JSX element implicitly has type 'any' because no interface 'JSX.IntrinsicElements' exists.
src/features/settings/page.tsx(64,15): error TS7026: JSX element implicitly has type 'any' because no interface 'JSX.IntrinsicElements' exists.
src/features/settings/page.tsx(66,15): error TS7026: JSX element implicitly has type 'any' because no interface 'JSX.IntrinsicElements' exists.
src/features/settings/page.tsx(68,11): error TS7026: JSX element implicitly has type 'any' because no interface 'JSX.IntrinsicElements' exists.
src/features/settings/page.tsx(69,9): error TS7026: JSX element implicitly has type 'any' because no interface 'JSX.IntrinsicElements' exists.
src/features/settings/page.tsx(70,7): error TS7026: JSX element implicitly has type 'any' because no interface 'JSX.IntrinsicElements' exists.
src/features/statistics/page.tsx(25,5): error TS2875: This JSX tag requires the module path 'react/jsx-runtime' to exist, but none could be found. Make sure you have types for the appropriate package installed.
src/features/statistics/page.tsx(35,9): error TS2322: Type '{ key: string; data: StatisticsResult; period: string; tutors: Profile[] | undefined; error: string | undefined; }' is not assignable to type '{ data: StatisticsResult; period: string; tutors?: Profile[] | undefined; error?: string | undefined; }'.
  Property 'key' does not exist on type '{ data: StatisticsResult; period: string; tutors?: Profile[] | undefined; error?: string | undefined; }'.
src/features/statistics/service.ts(1,8): error TS2882: Cannot find module or type declarations for side-effect import of 'server-only'.
src/features/statistics/service.ts(2,19): error TS2307: Cannot find module 'zod' or its corresponding type declarations.
src/features/statistics/service.ts(35,12): error TS7006: Parameter 'q' implicitly has an 'any' type.
src/features/statistics/service.ts(76,42): error TS7006: Parameter 'l' implicitly has an 'any' type.
src/lib/auth/access.ts(1,8): error TS2882: Cannot find module or type declarations for side-effect import of 'server-only'.
src/lib/auth/access.ts(2,23): error TS2307: Cannot find module 'react' or its corresponding type declarations.
src/lib/auth/access.ts(3,26): error TS2307: Cannot find module 'next/navigation' or its corresponding type declarations.
src/lib/auth/rate-limit.ts(1,8): error TS2882: Cannot find module or type declarations for side-effect import of 'server-only'.
src/lib/auth/rate-limit.ts(2,25): error TS2307: Cannot find module 'next/headers' or its corresponding type declarations.
src/lib/auth/rate-limit.ts(14,14): error TS2591: Cannot find name 'process'. Do you need to install type definitions for node? Try `npm i --save-dev @types/node` and then add 'node' to the types field in your tsconfig.
src/lib/auth/tokens.ts(6,8): error TS2591: Cannot find name 'node:crypto'. Do you need to install type definitions for node? Try `npm i --save-dev @types/node` and then add 'node' to the types field in your tsconfig.
src/lib/auth/tokens.ts(19,13): error TS2591: Cannot find name 'Buffer'. Do you need to install type definitions for node? Try `npm i --save-dev @types/node` and then add 'node' to the types field in your tsconfig.
src/lib/auth/tokens.ts(20,13): error TS2591: Cannot find name 'Buffer'. Do you need to install type definitions for node? Try `npm i --save-dev @types/node` and then add 'node' to the types field in your tsconfig.
src/lib/env.ts(1,8): error TS2882: Cannot find module or type declarations for side-effect import of 'server-only'.
src/lib/env.ts(3,17): error TS2591: Cannot find name 'process'. Do you need to install type definitions for node? Try `npm i --save-dev @types/node` and then add 'node' to the types field in your tsconfig.
src/lib/env.ts(9,5): error TS2591: Cannot find name 'process'. Do you need to install type definitions for node? Try `npm i --save-dev @types/node` and then add 'node' to the types field in your tsconfig.
src/lib/env.ts(10,5): error TS2591: Cannot find name 'process'. Do you need to install type definitions for node? Try `npm i --save-dev @types/node` and then add 'node' to the types field in your tsconfig.
src/lib/env.ts(11,5): error TS2591: Cannot find name 'process'. Do you need to install type definitions for node? Try `npm i --save-dev @types/node` and then add 'node' to the types field in your tsconfig.
src/lib/env.ts(17,34): error TS2591: Cannot find name 'process'. Do you need to install type definitions for node? Try `npm i --save-dev @types/node` and then add 'node' to the types field in your tsconfig.
src/lib/env.ts(20,7): error TS2591: Cannot find name 'process'. Do you need to install type definitions for node? Try `npm i --save-dev @types/node` and then add 'node' to the types field in your tsconfig.
src/lib/env.ts(22,29): error TS2591: Cannot find name 'process'. Do you need to install type definitions for node? Try `npm i --save-dev @types/node` and then add 'node' to the types field in your tsconfig.
src/lib/env.ts(29,7): error TS2591: Cannot find name 'process'. Do you need to install type definitions for node? Try `npm i --save-dev @types/node` and then add 'node' to the types field in your tsconfig.
src/lib/supabase/admin.ts(1,8): error TS2882: Cannot find module or type declarations for side-effect import of 'server-only'.
src/lib/supabase/admin.ts(2,30): error TS2307: Cannot find module '@supabase/supabase-js' or its corresponding type declarations.
src/lib/supabase/client.ts(2,37): error TS2307: Cannot find module '@supabase/ssr' or its corresponding type declarations.
src/lib/supabase/client.ts(7,5): error TS2591: Cannot find name 'process'. Do you need to install type definitions for node? Try `npm i --save-dev @types/node` and then add 'node' to the types field in your tsconfig.
src/lib/supabase/client.ts(8,5): error TS2591: Cannot find name 'process'. Do you need to install type definitions for node? Try `npm i --save-dev @types/node` and then add 'node' to the types field in your tsconfig.
src/lib/supabase/server.ts(1,8): error TS2882: Cannot find module or type declarations for side-effect import of 'server-only'.
src/lib/supabase/server.ts(2,25): error TS2307: Cannot find module 'next/headers' or its corresponding type declarations.
src/lib/supabase/session.ts(1,8): error TS2882: Cannot find module or type declarations for side-effect import of 'server-only'.
src/lib/supabase/session.ts(2,36): error TS2307: Cannot find module '@supabase/ssr' or its corresponding type declarations.
src/lib/supabase/session.ts(27,24): error TS7006: Parameter 'updates' implicitly has an 'any' type.
src/lib/supabase/session.ts(36,26): error TS2345: Argument of type 'string | undefined' is not assignable to parameter of type 'string'.
  Type 'undefined' is not assignable to type 'string'.
src/lib/supabase/session.ts(39,23): error TS2345: Argument of type 'string | undefined' is not assignable to parameter of type 'string'.
  Type 'undefined' is not assignable to type 'string'.
src/lib/supabase/session.ts(47,11): error TS2591: Cannot find name 'process'. Do you need to install type definitions for node? Try `npm i --save-dev @types/node` and then add 'node' to the types field in your tsconfig.
src/lib/telegram/bot.ts(1,8): error TS2882: Cannot find module or type declarations for side-effect import of 'server-only'.
src/lib/utils.ts(1,39): error TS2307: Cannot find module 'clsx' or its corresponding type declarations.
src/lib/utils.ts(2,25): error TS2307: Cannot find module 'tailwind-merge' or its corresponding type declarations.
src/lib/validation/schemas.ts(1,19): error TS2307: Cannot find module 'zod' or its corresponding type declarations.
src/lib/validation/schemas.ts(17,15): error TS7006: Parameter 'v' implicitly has an 'any' type.
src/lib/validation/schemas.ts(26,15): error TS7006: Parameter 'v' implicitly has an 'any' type.
src/lib/validation/schemas.ts(79,12): error TS7006: Parameter 'v' implicitly has an 'any' type.
src/lib/validation/schemas.ts(90,12): error TS7006: Parameter 'v' implicitly has an 'any' type.
src/proxy.ts(1,43): error TS2307: Cannot find module 'next/server' or its corresponding type declarations.
src/proxy.ts(46,40): error TS7006: Parameter 'c' implicitly has an 'any' type.
tests/database.test.ts(1,24): error TS2307: Cannot find module '@electric-sql/pglite' or its corresponding type declarations.
tests/database.test.ts(2,28): error TS2307: Cannot find module '@electric-sql/pglite/contrib/btree_gist' or its corresponding type declarations.
tests/database.test.ts(3,18): error TS2591: Cannot find name 'node:test'. Do you need to install type definitions for node? Try `npm i --save-dev @types/node` and then add 'node' to the types field in your tsconfig.
tests/database.test.ts(4,20): error TS2591: Cannot find name 'node:assert/strict'. Do you need to install type definitions for node? Try `npm i --save-dev @types/node` and then add 'node' to the types field in your tsconfig.
tests/database.test.ts(5,35): error TS2591: Cannot find name 'node:fs/promises'. Do you need to install type definitions for node? Try `npm i --save-dev @types/node` and then add 'node' to the types field in your tsconfig.
tests/database.test.ts(6,28): error TS2591: Cannot find name 'node:crypto'. Do you need to install type definitions for node? Try `npm i --save-dev @types/node` and then add 'node' to the types field in your tsconfig.
tests/database.test.ts(9,97): error TS7006: Parameter 't' implicitly has an 'any' type.
tests/database.test.ts(18,14): error TS7006: Parameter 'n' implicitly has an 'any' type.
tests/database.test.ts(169,32): error TS7006: Parameter 'p' implicitly has an 'any' type.
tests/database.test.ts(173,25): error TS7006: Parameter 'p' implicitly has an 'any' type.
tests/database.test.ts(199,20): error TS7006: Parameter 'p' implicitly has an 'any' type.
tests/database.test.ts(241,38): error TS7006: Parameter 'r' implicitly has an 'any' type.
tests/e2e/app.spec.ts(2,30): error TS2307: Cannot find module '@playwright/test' or its corresponding type declarations.
tests/e2e/app.spec.ts(3,23): error TS2591: Cannot find name 'node:fs/promises'. Do you need to install type definitions for node? Try `npm i --save-dev @types/node` and then add 'node' to the types field in your tsconfig.
tests/e2e/app.spec.ts(4,36): error TS2307: Cannot find module '@playwright/test' or its corresponding type declarations.
tests/e2e/app.spec.ts(11,64): error TS7031: Binding element 'page' implicitly has an 'any' type.
tests/e2e/app.spec.ts(42,3): error TS7031: Binding element 'page' implicitly has an 'any' type.
tests/e2e/app.spec.ts(43,3): error TS7031: Binding element 'context' implicitly has an 'any' type.
tests/e2e/app.spec.ts(47,26): error TS7006: Parameter 'c' implicitly has an 'any' type.
tests/e2e/app.spec.ts(48,24): error TS7006: Parameter 'c' implicitly has an 'any' type.
tests/e2e/app.spec.ts(105,18): error TS7006: Parameter 'el' implicitly has an 'any' type.
tests/e2e/app.spec.ts(113,53): error TS7031: Binding element 'page' implicitly has an 'any' type.
tests/e2e/app.spec.ts(113,59): error TS7031: Binding element 'request' implicitly has an 'any' type.
tests/e2e/schedule-upgrade.spec.ts(1,41): error TS2307: Cannot find module '@playwright/test' or its corresponding type declarations.
tests/e2e/schedule-upgrade.spec.ts(13,25): error TS7031: Binding element 'request' implicitly has an 'any' type.
tests/e2e/schedule-upgrade.spec.ts(14,87): error TS7031: Binding element 'page' implicitly has an 'any' type.
tests/e2e/schedule-upgrade.spec.ts(17,90): error TS7006: Parameter 'buttons' implicitly has an 'any' type.
tests/e2e/schedule-upgrade.spec.ts(17,111): error TS7006: Parameter 'b' implicitly has an 'any' type.
tests/e2e/schedule-upgrade.spec.ts(29,99): error TS7031: Binding element 'page' implicitly has an 'any' type.
tests/e2e/schedule-upgrade.spec.ts(32,23): error TS7006: Parameter 'e' implicitly has an 'any' type.
tests/e2e/schedule-upgrade.spec.ts(34,21): error TS7006: Parameter 'r' implicitly has an 'any' type.
tests/e2e/schedule-upgrade.spec.ts(47,30): error TS7006: Parameter 'e' implicitly has an 'any' type.
tests/e2e/schedule-upgrade.spec.ts(50,85): error TS7031: Binding element 'page' implicitly has an 'any' type.
tests/e2e/schedule-upgrade.spec.ts(62,30): error TS7006: Parameter 'e' implicitly has an 'any' type.
tests/e2e/schedule-upgrade.spec.ts(63,62): error TS7006: Parameter 'e' implicitly has an 'any' type.
tests/e2e/schedule-upgrade.spec.ts(66,83): error TS7031: Binding element 'page' implicitly has an 'any' type.
tests/e2e/schedule-upgrade.spec.ts(75,95): error TS7031: Binding element 'page' implicitly has an 'any' type.
tests/e2e/schedule-upgrade.spec.ts(75,100): error TS7031: Binding element 'browser' implicitly has an 'any' type.
tests/e2e/schedule.spec.ts(1,55): error TS2307: Cannot find module '@playwright/test' or its corresponding type declarations.
tests/e2e/schedule.spec.ts(2,23): error TS2591: Cannot find name 'node:fs/promises'. Do you need to install type definitions for node? Try `npm i --save-dev @types/node` and then add 'node' to the types field in your tsconfig.
tests/e2e/schedule.spec.ts(23,26): error TS7031: Binding element 'request' implicitly has an 'any' type.
tests/e2e/schedule.spec.ts(25,86): error TS7031: Binding element 'page' implicitly has an 'any' type.
tests/e2e/schedule.spec.ts(30,57): error TS7006: Parameter 'e' implicitly has an 'any' type.
tests/e2e/schedule.spec.ts(74,88): error TS7031: Binding element 'page' implicitly has an 'any' type.
tests/e2e/schedule.spec.ts(96,100): error TS7031: Binding element 'page' implicitly has an 'any' type.
tests/e2e/schedule.spec.ts(110,91): error TS7031: Binding element 'page' implicitly has an 'any' type.
tests/e2e/schedule.spec.ts(112,30): error TS7006: Parameter 'r' implicitly has an 'any' type.
tests/e2e/schedule.spec.ts(130,67): error TS7031: Binding element 'page' implicitly has an 'any' type.
tests/e2e/schedule.spec.ts(152,74): error TS7031: Binding element 'browser' implicitly has an 'any' type.
tests/e2e/schedule.spec.ts(152,83): error TS7031: Binding element 'request' implicitly has an 'any' type.
tests/e2e/schedule.spec.ts(182,60): error TS7031: Binding element 'browser' implicitly has an 'any' type.
tests/e2e/schedule.spec.ts(204,91): error TS7031: Binding element 'page' implicitly has an 'any' type.
tests/e2e/schedule.spec.ts(204,97): error TS7031: Binding element 'browser' implicitly has an 'any' type.
tests/e2e/select.ts(1,27): error TS2307: Cannot find module '@playwright/test' or its corresponding type declarations.
tests/schedule-database.test.ts(1,24): error TS2307: Cannot find module '@electric-sql/pglite' or its corresponding type declarations.
tests/schedule-database.test.ts(2,28): error TS2307: Cannot find module '@electric-sql/pglite/contrib/btree_gist' or its corresponding type declarations.
tests/schedule-database.test.ts(3,18): error TS2591: Cannot find name 'node:test'. Do you need to install type definitions for node? Try `npm i --save-dev @types/node` and then add 'node' to the types field in your tsconfig.
tests/schedule-database.test.ts(4,20): error TS2591: Cannot find name 'node:assert/strict'. Do you need to install type definitions for node? Try `npm i --save-dev @types/node` and then add 'node' to the types field in your tsconfig.
tests/schedule-database.test.ts(5,35): error TS2591: Cannot find name 'node:fs/promises'. Do you need to install type definitions for node? Try `npm i --save-dev @types/node` and then add 'node' to the types field in your tsconfig.
tests/schedule-database.test.ts(10,101): error TS7006: Parameter 't' implicitly has an 'any' type.
tests/schedule-database.test.ts(17,99): error TS7006: Parameter 'n' implicitly has an 'any' type.
tests/schedule-database.test.ts(136,20): error TS18046: 'names' is of type 'unknown'.
tests/schedule-time.test.ts(1,18): error TS2591: Cannot find name 'node:test'. Do you need to install type definitions for node? Try `npm i --save-dev @types/node` and then add 'node' to the types field in your tsconfig.
tests/schedule-time.test.ts(2,20): error TS2591: Cannot find name 'node:assert/strict'. Do you need to install type definitions for node? Try `npm i --save-dev @types/node` and then add 'node' to the types field in your tsconfig.
tests/validation.test.ts(1,18): error TS2591: Cannot find name 'node:test'. Do you need to install type definitions for node? Try `npm i --save-dev @types/node` and then add 'node' to the types field in your tsconfig.
tests/validation.test.ts(2,20): error TS2591: Cannot find name 'node:assert/strict'. Do you need to install type definitions for node? Try `npm i --save-dev @types/node` and then add 'node' to the types field in your tsconfig.
